Hartford,The Hartford Spanish Language Meetup Group,1046257069000,language/ethnic identity,1044,Spanish Speakers,41.7900009155,-72.6699981689
Hartford,The Hartford Investor's Business Daily Meetup Group,1066858789000,career/business,173,Subscribers to IBD and DGO,41.7700004578,-72.6699981689
Hartford,Hartford Area Hiking™,1126887925000,outdoors/adventure,9863,Hiking Enthusiasts,41.7700004578,-72.6999969482
Hartford,Social Hourz Group,1127084069000,food/drink,1510,Friends,41.8300018311,-72.5699996948
Hartford,~~~KAYAKING ADVENTURES~~~    CT-MA-RI,1146425853000,cars/motorcycles,1699,River and Shore Kayak-r's of CT,41.7000007629,-72.6699981689
Hartford,Hartford Heights Tall Club,1163341365000,socializing,61,Social Networkers,41.7900009155,-72.6699981689
Hartford,The West Hartford German Kaffeeklatsch,1172539875000,language/ethnic identity,258,Deutsch speakers,41.7599983215,-72.6900024414
Hartford,Energy Healing & Holistic Health,1173663280000,health/wellbeing,542,energy healing members,41.7599983215,-72.7600021362
Hartford,High Vibe Tribe,1173828827000,community/environment,1242,Tribal Alchemists,41.75,-72.6999969482
Hartford,The West Hartford Groupe de French,1174782585000,language/ethnic identity,312,French Speakers,41.7599983215,-72.6900024414
Hartford,Gals Just Wanna Have Fun!,1178564860000,socializing,2660,Fabulous Women,41.8300018311,-72.5699996948
Hartford,Connecticut's Viva Italia Meetup Group,1182611134000,language/ethnic identity,333,Amici Italiani,41.6599998474,-72.6699981689
Hartford,Central CT Scrabble Meetup Group,1183342140000,games,35,Scrabble Players,41.6899986267,-72.7300033569
Hartford,Hartford Black Professionals Meetup,1190070018000,career/business,461,Black Professionals,41.7900009155,-72.6699981689
Hartford,Hartford Area Movie Meetup,1190944891000,movies/film,2755,Movie Fans,41.7700004578,-72.6699981689
Hartford,The Newington Knitting Meetup Group,1192592782000,hobbies/crafts,338,Knitters,41.6899986267,-72.7300033569
Hartford,The Hartford Lesbian Coffeehouse,1193009272000,LGBT,52,Lesbian Coffeehouse members,41.7900009155,-72.6699981689
Hartford,Connecticut Ron Paul for President 2012,1196057679000,movements/politics,215,Ron Paul 2012 Supporters,41.7700004578,-72.6699981689
Hartford,Greater Hartford Fabulous Foodies,1197578421000,food/drink,57,Cooks,41.7599983215,-72.7600021362
Hartford,Zumba Fitness @ The Creative Source Dance & Fitness Center,1200315527000,dancing,918,Zumbamaniacs,41.75,-72.6999969482
Hartford,CT REIA - The Connecticut Real Estate Investors Assn. Meetup,1201983191000,career/business,1258,CT Real Estate Investors,41.7700004578,-72.6800003052
Hartford,CT/MA  Golf Meetup,1204465895000,sports/recreation,896,Golfers,41.9300003052,-72.6399993896
Hartford,Beyond the Multiplex: Hartford's Indie and Foreign,1213479560000,movies/film,1253,Indie Film Fans,41.75,-72.6999969482
Hartford,Out of Legend,1215189399000,socializing,263,Legends,41.6899986267,-72.7300033569
Hartford,Connecticut Valley Atheists Meetup Group,1218760941000,religion/beliefs,645,Atheists,41.7799987793,-72.5199966431
Hartford,Hartford Meditation Group,1223042329000,health/wellbeing,944,Spiritual People,41.7299995422,-72.7399978638
Hartford,New England Ski  SnowBoard  & Adventure Meetup Group,1224158956000,outdoors/adventure,950,Alpine Addicts,41.75,-72.6999969482
Hartford,Geek Culture Group,1225935759000,sci-fi/fantasy,600,Geeks,41.6899986267,-72.7300033569
Hartford,The Greater Hartford Area  Parents Meetup Group,1226098596000,parents/family,1194,Families,41.7799987793,-72.5199966431
Hartford,Be Fit,1230688951000,fitness,7,Be Fit Gals,41.8300018311,-72.5699996948
Hartford,The South Windsor Jaycees,1233069429000,socializing,304,Members,41.8300018311,-72.5699996948
Hartford,Connecticut Pickup Soccer,1253287808000,sports/recreation,2238,Footballers,41.7099990845,-72.5599975586
Hartford,Startup Cafe Hartford,1255503912000,career/business,631,Entrepreneurs,41.75,-72.6999969482
Hartford,The Central Connecticut Spiritual Experiences Group,1257274952000,new age/spirituality,703,Spiritual People,41.7799987793,-72.5199966431
Hartford,The CT Widows and Widowers Meetup Group,1257865857000,support,187,Widows & Widowers,41.8800010681,-72.8199996948
Hartford,Greater Hartford GNU Linux Users Group,1258426131000,tech,432,Linux Users,41.7700004578,-72.6699981689
Hartford,MDOG Hikes!,1260923577000,pets/animals,1389,Hikers,41.7799987793,-72.5199966431
Hartford,The Science of the Soul - Hartford  CT area,1266789139000,new age/spirituality,107,Souls,41.7900009155,-72.6699981689
Hartford,Sci-Fi/Fantasy Book Group,1269009231000,sci-fi/fantasy,328,SFF Lovers,41.7700004578,-72.6999969482
Hartford,Arts  Culture Vultures  Environment  Fun and Fabulous Food!,1269313742000,community/environment,354,Members,41.7599983215,-72.7600021362
Hartford,Hartford area vegetarians,1269637148000,food/drink,393,Veggie fans,41.7599983215,-72.7600021362
Hartford,Casual Bikers (L.T.R.A.),1273723615000,outdoors/adventure,30,trail riders,41.7799987793,-72.5199966431
Hartford,The Avon IBD Meetup Group,1276113256000,career/business,147,Members,41.7900009155,-72.8600006104
Hartford,Hypnotherapy,1276546290000,health/wellbeing,721,Members,41.7599983215,-72.7600021362
Hartford,Taste of Tantra  Hartford,1277414227000,health/wellbeing,783,Tantrikas,41.7799987793,-72.6200027466
Hartford,New InTown / Last In Town - Hartford - 20' and 30's,1277427724000,socializing,2987,Members,41.7900009155,-72.6699981689
Hartford,Connecticut eBay and eCommerce Sellers Group,1277870005000,career/business,52,Sellers,41.7700004578,-72.6999969482
Hartford,HartfordAdobe,1282222125000,tech,630,Adobians,41.7599983215,-72.7600021362
Hartford,Laughter Club,1286334831000,health/wellbeing,2829,Joyful Laughers,41.7700004578,-72.6699981689
Hartford,The Fantastic Females Book Club,1288212507000,book clubs,37,Members,41.7099990845,-72.5599975586
Hartford,Central CT Acoustic Musicians Society,1290178895000,music,235,Members,41.7599983215,-72.7600021362
Hartford,Casual Bikers,1292259785000,outdoors/adventure,4466,Casual Bikers,41.8800010681,-72.8199996948
Hartford,Connecticut Java Users Group,1292589599000,tech,239,Members,41.7799987793,-72.6200027466
Hartford,Tru Elements Meetup Group,1292961670000,health/wellbeing,170,Members,41.7599983215,-72.7600021362
Hartford,New England Social & Sports Adventurers (NESSA),1293654255000,outdoors/adventure,4648,Social & Sport Enthusiasts,41.7599983215,-72.6900024414
Hartford,West Hartford Tong Ren Healing Group,1294691667000,health/wellbeing,419,Gunia Pigs,41.7599983215,-72.7300033569
Hartford,Hartford Underground Vintage Swing Dancing,1295204152000,dancing,1570,Dancers,41.7799987793,-72.6200027466
Hartford,CreativeTech,1295978308000,tech,246,Techies,41.7599983215,-72.7600021362
Hartford,Manchester Women's Singing Circle,1299077985000,music,155,Women who love to sing,41.7999992371,-72.5199966431
Hartford,Connecticut  Satanists and LHPers,1299338818000,new age/spirituality,83,Darkside Members,41.8600006104,-72.6699981689
Hartford,Free Sahaja Yoga Meditation Classes Manchester,1300312816000,health/wellbeing,731,Sahaja meditation practitioners,41.7999992371,-72.5199966431
Hartford,No Rules Corvette Club,1301152587000,cars/motorcycles,198,Corvette Cruisers,41.7900009155,-72.6699981689
Hartford,Have Fun Being Single,1303652240000,outdoors/adventure,2880,Singles,41.7599983215,-72.7600021362
Hartford,Zumba With Bridget,1304024735000,fitness,893,Members,41.8800010681,-72.8199996948
Hartford,Entrepreneurs Roundtable of Central CT,1310703179000,career/business,172,CCBN'ers!,41.7599983215,-72.7600021362
Hartford,Women in Transition Group,1312142630000,health/wellbeing,131,Members,41.8400001526,-72.7399978638
Hartford,Health 2.0 Hartford,1312326431000,fitness,34,Members,41.8400001526,-72.7399978638
Hartford,West Hartford Women in Networking,1315360552000,career/business,201,WWIN'ers!,41.7299995422,-72.7399978638
Hartford,Hartford Area Socrates Cafe,1318631098000,education/learning,659,Questioners,41.7599983215,-72.7300033569
Hartford,Farmington Valley iOS Developers Group,1325461969000,tech,162,Members,41.7900009155,-72.8600006104
Hartford,Access Consciousness® CT Meetup,1326631319000,health/wellbeing,280,Infinite Beings,41.8800010681,-72.8199996948
Hartford,"Global Gourmet" ~ Ethnic  Cultural  and Social Events,1327196315000,socializing,133,Cultural Adventurers,41.7799987793,-72.5199966431
Hartford,Hartford Chapter-American Singles Golf Association,1327684489000,socializing,634,Single Golfers,41.7900009155,-72.6699981689
Hartford,Turkish Cooking Class@Hartford,1329103561000,food/drink,355,Members,41.7400016785,-72.6699981689
Hartford,L.L.Bean Evergreen Walk of South Windsor  CT,1331148256000,outdoors/adventure,2505,Adventurers,41.8300018311,-72.5699996948
Hartford,The Greater Hartford Python Group,1331530206000,tech,783,Pythonistas,41.7700004578,-72.6999969482
Hartford,Sufi Meditation  Remembrance & Healing,1332191439000,new age/spirituality,241,Dervishes,41.8800010681,-72.8199996948
Hartford,Bhakti Yoga  Kirtan Meditation  and Spiritual Philosophy,1332339030000,health/wellbeing,746,Bhakti Yogis,41.7799987793,-72.6200027466
Hartford,Hartford Tech Meetup,1335446037000,tech,148,Members,41.7700004578,-72.6999969482
Hartford,Hai An Pagoda Meditation,1337090329000,religion/beliefs,527,Members,41.6599998474,-72.7699966431
Hartford,Not Another 20s and 30s Group!,1337561269000,socializing,981,Distinguished City Clones,41.7700004578,-72.6699981689
Hartford,Women After Hours,1339099005000,LGBT,1320,Members,41.7599983215,-72.7600021362
Hartford,Wine and Dine Social Group,1339964022000,socializing,1075,Fun lovers,41.8300018311,-72.5699996948
Hartford,Community4Sight,1342303663000,community/environment,166,Members,41.7700004578,-72.6699981689
Hartford,Young Black and Married - Greater Hartford,1342540710000,socializing,65,Members,41.7799987793,-72.5199966431
Hartford,Autism in Connecticut,1345661956000,support,66,Huge Hearts,41.7700004578,-72.6699981689
Hartford,"Shutter-Buds",1346009612000,photography,222,Shutter-Buds,41.6899986267,-72.7300033569
Hartford,Central CT New Parent Resources,1346612678000,parents/family,35,Loving Parents,41.7599983215,-72.6900024414
Hartford,Live up your 20s,1349244370000,socializing,1178,Adventurers,41.7700004578,-72.6699981689
Hartford,Six Degrees Business Networking,1349263508000,career/business,165,Pro Networkers,41.6599998474,-72.6699981689
Hartford,Connecticut Bronies,1349453167000,movies/film,303,Bronies,41.7900009155,-72.6699981689
Hartford,Connecticut World Travel Meetup,1350338820000,outdoors/adventure,1184,World Travelers,41.7700004578,-72.6699981689
Hartford,Connecticut Drupal Group,1350504620000,tech,87,Drupalers,41.7900009155,-72.6699981689
Hartford,Connecticut Salesforce Developer Group,1351024021000,tech,245,Developers,41.7700004578,-72.6699981689
Hartford,Connecticut Cyclists East,1352223865000,outdoors/adventure,662,Cyclists,41.8300018311,-72.5699996948
Hartford,MakeHartford,1354911475000,tech,1598,Makers,41.7700004578,-72.6999969482
Hartford,Past Life Regression Discussion Group,1355595069000,new age/spirituality,322,Those on the journey,41.7700004578,-72.6999969482
Hartford,Mt. Laurel Skiers,1356654900000,outdoors/adventure,196,Members,41.6800003052,-72.7900009155
Hartford,The Books I Should Have Read in School Group,1358508099000,book clubs,196,Classics Lovers,41.7999992371,-72.5199966431
Hartford,Network After Work - Hartford Networking Events,1358741627000,career/business,1621,Business Networkers,41.7700004578,-72.6699981689
Hartford,Co-ed Adult Kickball in Hartford,1361247326000,sports/recreation,1291,Ballers,41.7799987793,-72.6699981689
Hartford,The Breakfast Club,1362754812000,career/business,837,Members,41.75,-72.6999969482
Hartford,Spiritual Awakenings Group,1363350973000,new age/spirituality,2544,Members,41.9000015259,-72.5999984741
Hartford,Common Ground Institute,1363790958000,language/ethnic identity,153,Friends,41.7400016785,-72.6699981689
Hartford,CFC AZUL V WESTERN MASS PIONEERS MAY 18th  8pm at CCSU,1364048566000,sports/recreation,12,"Azuligans",41.6800003052,-72.7900009155
Hartford,Greater Hartford/Springfield Young Black Professionals,1364064057000,career/business,203,Members,41.75,-72.6999969482
Hartford,Hartford Humanists,1364612556000,religion/beliefs,709,Humanists,41.6599998474,-72.6699981689
Hartford,Hartford Fun Group,1365172681000,sports/recreation,2723,Friends,41.9300003052,-72.6399993896
Hartford,WORK_SPACE: Manchester's Premier Meeting & Coworking Space,1365378323000,career/business,346,Collaborators,41.7799987793,-72.5199966431
Hartford,Access Consciousness CT - East of the River,1366751807000,health/wellbeing,28,Joyful Conscious Beings,41.8800010681,-72.8199996948
Hartford,The Art of Living in Hartford,1368591957000,health/wellbeing,615,Yogis,41.7599983215,-72.7300033569
Hartford,Greater Hartford Open Source Developers,1369328754000,tech,208,Developers,41.7799987793,-72.5199966431
Hartford,WordPress Hartford,1370727441000,tech,179,WordPressers,41.9099998474,-72.5400009155
Hartford,Appalachian Mountain Club - Connecticut Chapter (CT AMC),1370870359000,outdoors/adventure,2147,Appies,41.8499984741,-72.6399993896
Hartford,Familias Bilingües of Greater Hartford,1372902655000,language/ethnic identity,78,Familias Bilingües,41.7000007629,-72.6699981689
Hartford,Indians living in CT,1374761697000,language/ethnic identity,400,Indians,41.7900009155,-72.6699981689
Hartford,Coaches  Consultants  and Service-Based Entrepreneurs,1375120477000,career/business,462,Entrepreneurs,41.8800010681,-72.8199996948
Hartford,reSET Hartford,1376671773000,career/business,393,reSET reSIDENTS,41.7700004578,-72.6699981689
Hartford,Farmington Valley Chorus Simsbury  CT,1376911451000,music,53,Singers,41.8699989319,-72.8600006104
Hartford,Scottish Country Dance,1383080011000,dancing,63,Dancers,41.8600006104,-72.6699981689
Hartford,Rock It Out!   Classic Rock Music and Variety of Music's,1385781694000,socializing,1273,Rockers,41.7900009155,-72.6699981689
Hartford,FREE TENNIS ROUND ROBIN AT BUENA VISTA ON THE WEEKEND,1385979955000,fitness,660,Ballers,41.7599983215,-72.7600021362
Hartford,Connecticut SharePoint Users Group (CTSPUG),1391631233000,tech,309,SharePointers,41.7700004578,-72.6699981689
Hartford,Manchester Area Parents Network,1391716882000,parents/family,256,Parents,41.7799987793,-72.5199966431
Hartford,Spiritual Empowerment/Healing Meditations Groups & Workshops,1392088024000,new age/spirituality,79,Members:  Truthseekers,41.8400001526,-72.7399978638
Hartford,Fantasy and Legends Organization,1393139162000,sci-fi/fantasy,39,Stone Holders,41.6899986267,-72.7300033569
Hartford,Sustainability Professionals,1395922364000,community/environment,13,SustainabilityProfessionals,41.75,-72.6999969482
Hartford,SBUSA - Networking for Small Business in Hartford,1396459689000,career/business,164,Members,41.7599983215,-72.7300033569
Hartford,A Young Indian Professionals-Students (YIPS) Connecticut,1397518876000,socializing,212,Connecticut Indians,41.7900009155,-72.6699981689
Hartford,I gotta get some f***ing friends!,1398568103000,socializing,552,Friends,41.7799987793,-72.5199966431
Hartford,Manchester Book Club,1398735493000,book clubs,772,Readers,41.7799987793,-72.5199966431
Hartford,Greater Hartford West Coast Swing and Latin Dance,1402591207000,dancing,254,Dancers,41.7700004578,-72.6999969482
Hartford,Connecticut FileMaker Developers Group (CFDG),1402944168000,tech,149,Developers,41.6800003052,-72.7900009155
Hartford,Hartford Bitcoin Meetup,1403484056000,career/business,50,Bitcoin Enthusiasts,41.7700004578,-72.6699981689
Hartford,CT Predictive Analytics,1403528330000,tech,457,Perfect Predictors,41.7599983215,-72.7600021362
Hartford,Connecticut Photography Workshops,1404168671000,photography,2490,Photographers,41.7700004578,-72.6699981689
Hartford,Central CT Ladies 30's Plus,1404580486000,socializing,655,Central CT Ladies,41.7299995422,-72.8399963379
Hartford,"A-Team" Organizational Assistant Team for "Global Gourmet",1404700214000,food/drink,5,"A-Team" Members,41.7799987793,-72.5199966431
Hartford,Six Degrees Glastonbury Business Networking,1405423942000,career/business,117,Business Professionals,41.7099990845,-72.5599975586
Hartford,CT/MA Tiny House Meetup,1405771319000,community/environment,294,Tiny House Lovers,41.8600006104,-72.6699981689
Hartford,Happy  Healthy Lifestyle,1407254753000,socializing,3252,Members,41.7400016785,-72.6699981689
Hartford,A Spiritual Journey to Healing,1407287259000,health/wellbeing,562,Spiritual Journey to Healing,41.6599998474,-72.6699981689
Hartford,Rosicrucians in Connecticut Meetup,1407886188000,new age/spirituality,127,Seekers,41.7900009155,-72.6699981689
Hartford,"SIMPLY WITH FRIENDS" MEETUP GROUP,1409747576000,socializing,946,fellow peeps,41.6599998474,-72.6699981689
Hartford,Spanish Conversation Classes Meetup,1409851832000,language/ethnic identity,815,Members,41.7700004578,-72.6800003052
Hartford,Spiritual Empowerment Group,1410037347000,new age/spirituality,167,Truthseekers,41.8400001526,-72.7399978638
Hartford,Crocheters in Central CT,1411520476000,hobbies/crafts,94,Crocheters,41.6699981689,-72.8600006104
Hartford,Banyan Kundalini Yoga,1412716084000,new age/spirituality,458,Hamsas,41.7099990845,-72.5599975586
Hartford,Copper Beech Institute Mindfulness & Meditation Groups,1413893349000,new age/spirituality,307,Members,41.7599983215,-72.7600021362
Hartford,Aquapioneers - CT Aquaponic Gardening Group,1413948551000,community/environment,213,Aquapioneers,41.6599998474,-72.5699996948
Hartford,Simsbury Community Drum Circle: Stress Relief & Meditation,1415068468000,music,499,Drummers,41.8800010681,-72.8199996948
Hartford,TOTSS New England Study Group CT,1415583591000,new age/spirituality,11,Thelemites,41.7700004578,-72.6999969482
Hartford,Learn Italian and Travel to Italy Together,1415724033000,language/ethnic identity,151,Italian language learner,41.7099990845,-72.5599975586
Hartford,Kizomba Connecticut: Kizomba Dance in Connecticut,1415844992000,dancing,88,Kizombieros,41.7700004578,-72.6999969482
Hartford,Kizomba Hartford Development Group,1416340953000,dancing,190,Kizombieros or Kizombers,41.7700004578,-72.6999969482
Hartford,Young Adult Connection Community (NAMI CT),1418778832000,support,350,awesome young adults,41.6899986267,-72.7300033569
Hartford,Kizomba New Haven,1420244172000,dancing,161,Kizombieros,41.7700004578,-72.6999969482
Hartford,South Windsor K-Drama Meetup,1421096823000,language/ethnic identity,118,K-Drama Fans,41.8300018311,-72.5699996948
Hartford,Center for Progressive Therapies,1421122886000,health/wellbeing,609,Wellness seekers,41.7799987793,-72.5199966431
Hartford,The Writers Group of Connecticut,1421354629000,writing,433,Writing Rock Stars,41.7900009155,-72.8600006104
Hartford,Central-CT Moms Meetup!,1421724154000,parents/family,638,Adventure moms,41.7299995422,-72.8399963379
Hartford,B.I.G. - Believe  Inspire  Grow -  New England,1421804521000,career/business,172,Members,41.8400001526,-72.7399978638
Hartford,Northeast CiviCRM Meetup,1423191071000,tech,84,Members,41.7900009155,-72.6699981689
Hartford,Launch EZ Helping Connecticut Startups,1423507907000,tech,175,Members,41.7799987793,-72.5199966431
Hartford,Midweek Mischief,1423512846000,socializing,1244,Mischief Makers,41.7700004578,-72.6699981689
Hartford,A Fair Music Industry powered by Musicians: EAST HARTFORD,1424889941000,music,160,Musicians  Artists  Tech people,41.7799987793,-72.6200027466
Hartford,GAME ON: Chits and Giggles,1425678077000,games,1411,Meeples,41.7999992371,-72.5199966431
Hartford,Glastonbury Circles of Belonging,1425848978000,new age/spirituality,45,Joy Seekers,41.7099990845,-72.5599975586
Hartford,Viscogliosi Entrepreneurship Meetup in Manchester,1426109962000,career/business,287,Entrepreneurs,41.7799987793,-72.5199966431
Hartford,Connecticut Christian Day Trips Meetup,1426679605000,religion/beliefs,174,Christian one day travelers,41.8400001526,-72.7399978638
Hartford,Indie Game Developers Club,1428437816000,tech,40,Devs,41.7900009155,-72.8600006104
Hartford,Cozy Mystery Meetup,1428594318000,book clubs,347,Sleuths,41.7799987793,-72.5199966431
Hartford,Readers Roundtable,1429296206000,new age/spirituality,64,Psychic Readers,41.7000007629,-72.6699981689
Hartford,South Windsor Self-Defense,1430526249000,sports/recreation,433,Warriors,41.8300018311,-72.5699996948
Hartford,Connecticut Autism Connections,1430748113000,support,178,Members,41.6699981689,-72.8600006104
Hartford,Greater Hartford Couples 50+ Meetup Group,1430879168000,socializing,59,Fun loving couples,41.7599983215,-72.6900024414
Hartford,Meteor Hartford,1433593728000,tech,108,Meteorites,41.7599983215,-72.6900024414
Hartford,Flawless Victory - CT Video Gaming Club,1433614459000,games,255,Gamers,41.7900009155,-72.6699981689
Hartford,Vegan Health & Wellness,1435074351000,health/wellbeing,1267,Members,41.75,-72.6999969482
Hartford,West Hartford Area Golf Meetup,1436106957000,sports/recreation,50,Members,41.7599983215,-72.7600021362
Hartford,Happy Hours and Then Some,1436795623000,singles,47,Members,41.6899986267,-72.7300033569
Hartford,Pragmatic Personal and Professional Development,1438124163000,health/wellbeing,64,Members,41.7299995422,-72.8399963379
Hartford,Anti-Bullying Meetup - South Windsor  CT,1438550986000,support,13,Members,41.8300018311,-72.5699996948
Hartford,Connecticut Big Data #CTBigData,1438605030000,tech,444,Members,41.7900009155,-72.6699981689
Hartford,Hartford Youtube/Vine Skits  Meetup,1438810549000,movies/film,49,Members,41.7700004578,-72.6999969482
Hartford,Jewish Israel Cafe Connecticut,1441846031000,religion/beliefs,24,Sabras,41.7599983215,-72.7600021362
Hartford,Northwest Park Meetup,1441995980000,parents/family,906,Friends of Northwest Park,41.8600006104,-72.6699981689
Hartford,LGBT Moveable Senior Center,1444328358000,LGBT,283,LGBT Elders  Adults and Allies,41.7900009155,-72.6699981689
Hartford,Gemstone Therapy Institute Meetup Group,1444412340000,new age/spirituality,240,Members,41.7799987793,-72.5199966431
Hartford,Hartford AWS Meetup,1444918788000,tech,192,Members,41.7900009155,-72.6699981689
Hartford,Meditative Drawing & Art For Adults,1445194954000,fine arts/culture,259,Members,41.8800010681,-72.8199996948
Hartford,Simsbury Group Guitar For Beginners,1445361087000,music,193,Guitarists,41.8800010681,-72.8199996948
Hartford,Simsbury Guided Meditation Meet-Up,1445362039000,health/wellbeing,196,Meditators,41.8800010681,-72.8199996948
Hartford,Learn Massage With Your Partner,1445363049000,health/wellbeing,34,Partners,41.8800010681,-72.8199996948
Hartford,Unitarian Universalist Society: East,1445603376000,religion/beliefs,202,Members and Friends,41.7799987793,-72.5199966431
Hartford,Manchester Community College Alumni Meetup,1445643574000,education/learning,17,Alumni,41.7799987793,-72.5199966431
Hartford,Simsbury Self-Defense Meetup,1446601811000,sports/recreation,69,Members,41.8800010681,-72.8199996948
Hartford,Life and Leisure Events at CCSU,1446737442000,socializing,487,Members,41.6699981689,-72.7799987793
Hartford,Hartford Startup Founder 101,1447165716000,tech,889,Aspiring Founders,41.7900009155,-72.6699981689
Hartford,Greater Hartford Social Networking Group (21-30),1448322027000,socializing,713,Members,41.7900009155,-72.6699981689
Hartford,Unity of Greater Htfd; A Positive Path for Spiritual Living,1450209462000,new age/spirituality,71,spiritual seekers,41.8300018311,-72.5699996948
Hartford,Simsbury Creative Writing Jam,1450223764000,writing,431,Writers,41.8800010681,-72.8199996948
Hartford,Octagon Cycling Club,1450664306000,fitness,458,Octagons,41.8400001526,-72.7399978638
Hartford,Sandler Executive Briefings,1451407298000,career/business,50,Attendees,41.6599998474,-72.6699981689
Hartford,Spiritual Community Connection,1451755610000,new age/spirituality,436,Loveworkers,41.7999992371,-72.5199966431
Hartford,First Baptist Church of West Hartford,1452045891000,religion/beliefs,34,Churchgoers,41.7599983215,-72.7600021362
Hartford,Tableau Hartford User Group (THUG),1452093684000,tech,109,Tableauers,41.8699989319,-72.8600006104
Hartford,CT Burners Meetup,1452215303000,fine arts/culture,748,Burners,41.7900009155,-72.6699981689
Hartford,Glastonbury Mom's Entrepreneurs Meetup,1452216098000,career/business,49,#bossbabes,41.7099990845,-72.5599975586
Hartford,Connecticut Brewery Tour and Tasting Group for Beer Lovers,1452256136000,food/drink,894,Brew Crew,41.7599983215,-72.6900024414
Hartford,Manchester Male A Capella Singing Meetup,1453235764000,music,31,Singers,41.7799987793,-72.5199966431
Hartford,Manchester iOS Game Developers,1453506401000,tech,37,Coders,41.7799987793,-72.5199966431
Hartford,South Windsor Square Dancing Meetup,1453933908000,dancing,180,Square Dancers,41.8300018311,-72.5699996948
Hartford,CT Entrepreneurs Meetup,1454455370000,career/business,1477,Entrepreneurs,41.7799987793,-72.6200027466
Hartford,Essential Oils for Physical & Emotional Health Meetup,1454641832000,health/wellbeing,227,Oilers for Health,41.7599983215,-72.7600021362
Hartford,Connecticut LGBT Based Events,1454994163000,LGBT,1278,LGBT Members,41.7599983215,-72.7600021362
Hartford,Central Valley Square Dance Lessons Meetup,1455468423000,dancing,45,Square dancers,41.7099990845,-72.8399963379
Hartford,The Greater Hartford Trail Running Group,1455711552000,fitness,343,Trail Runners,41.7700004578,-72.6999969482
Hartford,The Greater Hartford Black Boys to Men Meetup,1455721118000,language/ethnic identity,10,Elders,41.7900009155,-72.6699981689
Hartford,Holistic Chamber of Commerce Avon and Hartford Metro,1455850001000,health/wellbeing,177,Members,41.8800010681,-72.8199996948
Hartford,Inner Engineering Connecticut(Isha Yoga &Meditation Classes),1455850250000,health/wellbeing,779,Meditators,41.7900009155,-72.6699981689
Hartford,Wethersfield/Hartford  20s and 30s Internet Comedy Group,1456428806000,fine arts/culture,46,Web Actors,41.7000007629,-72.6699981689
Hartford,Dynatrace Hartford,1456519358000,tech,16,Users,41.7700004578,-72.6699981689
Hartford,Trail Dames of Connecticut,1457200122000,outdoors/adventure,418,Dames,41.7900009155,-72.6699981689
Hartford,Central Connecticut Paleo-lovers Meetup,1457562319000,education/learning,21,Paleo-lovers,41.7799987793,-72.5199966431
Hartford,Hartford Cyber Security Meetup | OWASP,1457699193000,tech,132,Breakers  Builders  Defenders,41.7599983215,-72.6900024414
Hartford,TED Talks Hartford,1458050483000,community/environment,375,TEDers,41.7700004578,-72.6699981689
Hartford,ML ProEvents Expositions,1458104368000,health/wellbeing,54,Members,41.8600006104,-72.6699981689
Hartford,Farmington Bike Up!,1458257555000,outdoors/adventure,1214,Riders,41.7299995422,-72.8399963379
Hartford,Hartford West End Mindfulness Meditation Meetup,1459193446000,health/wellbeing,491,Mindful Meditators,41.7700004578,-72.6999969482
Hartford,Hackster.io Hardware Meetup - Hartford,1459212399000,tech,272,Hacksters,41.7700004578,-72.6900024414
Hartford,ML Pro Events Professional Conferences,1459807464000,career/business,50,Members,41.8600006104,-72.6699981689
Hartford,Free Author Series,1459868685000,book clubs,215,Readers,41.7599983215,-72.6900024414
Hartford,Windsor Networking Professionals Meetup,1459870676000,career/business,66,Members,41.8600006104,-72.6699981689
Hartford,Central CT Safer Women Empowered With Self-Defense Basics,1460862882000,health/wellbeing,253,Safe  Empowered Women,41.6699981689,-72.8600006104
Hartford,Future of Data: Hartford,1461099281000,tech,90,Members,41.7900009155,-72.6699981689
Hartford,Hartford/Springfield IAM User Group,1461350204000,tech,60,IAM Professionals,41.7900009155,-72.6699981689
Hartford,Socialize  Fun and Friends over 55,1461442735000,fitness,980,Getting together with friends,41.7999992371,-72.5199966431
Hartford,DevOps CT,1461593645000,tech,193,Members,41.7900009155,-72.6699981689
Hartford,Lunchtime Professionals Group,1461782266000,career/business,128,Members,41.7700004578,-72.6699981689
Hartford,Connecticut Digital Analytics,1462383672000,tech,87,Digital Analysts,41.7900009155,-72.6699981689
Hartford,I've Always Wanted to Try Theater & Improv MeetUp,1462471472000,fine arts/culture,393,I Think I Can Performers,41.7900009155,-72.8600006104
Hartford,CRAFTT,1463571178000,hobbies/crafts,49,Fun-loving crafters,41.7799987793,-72.6200027466
Hartford,Connecticut Bicycling Meetup,1467122330000,fitness,1945,Cyclists,41.7000007629,-72.6699981689
Hartford,Dharma Teacher Order,1467160842000,religion/beliefs,40,Members,41.7599983215,-72.7600021362
Hartford,Kong/HARTFORD,1467837877000,tech,2,Kong Members,41.7900009155,-72.6699981689
Hartford,Interfaith Love and Leadership Alliance,1467995050000,community/environment,35,Members,41.7799987793,-72.5199966431
Hartford,LD Texas Hold'em Poker,1468077255000,games,25,Poker Players,41.6899986267,-72.7300033569
Hartford,West Hartford Weight Loss Meetup,1470284956000,fitness,442,Members,41.7599983215,-72.7600021362
Hartford,Plant Powered Nutrition,1470704544000,food/drink,367,Members,41.6899986267,-72.7300033569
Hartford,Hartford Adult Recreational Social Sports,1470930487000,sports/recreation,304,Players,41.7900009155,-72.6699981689
Hartford,Northeast Expeditionary Society,1471529484000,outdoors/adventure,114,Members,41.7900009155,-72.6699981689
Hartford,Alliance Française de Hartford Meetup,1471725793000,language/ethnic identity,152,Francophiles,41.7900009155,-72.6699981689
Hartford,Live Your Adventure with Eddie Bauer of South Windsor,1472012139000,outdoors/adventure,313,Adventure Seekers,41.7799987793,-72.5199966431
Hartford,West Hartford Book Club Meetup 20s - 40s  Tuesdays,1472132223000,book clubs,44,Members,41.7599983215,-72.7600021362
Hartford,Hartford SQL User Group,1472597664000,tech,172,Members,41.7700004578,-72.6800003052
Hartford,Clear Light Society of CT,1473006244000,health/wellbeing,93,Members,41.7000007629,-72.6699981689
Hartford,Courageous Expeditions - Reinvent yourself in midlife,1473272589000,socializing,68,Members,41.7799987793,-72.5199966431
Hartford,Game for Anything Meetup,1473298198000,socializing,790,Members,41.7799987793,-72.5199966431
Hartford,Manchester Moms Meetup,1473340794000,parents/family,50,Members,41.7799987793,-72.5199966431
Hartford,Wellness Women 23-55yrs,1473385546000,fitness,156,Members,41.7799987793,-72.5199966431
Hartford,Farmington Moms On A Mission,1473852319000,parents/family,50,Mompreneuers,41.7900009155,-72.8600006104
Hartford,The Hartford Urban Soulpreneur Network,1473870445000,career/business,47,Members,41.7900009155,-72.6699981689
Hartford,Book Club Meetup,1475579087000,new age/spirituality,50,Members,41.7099990845,-72.5599975586
Hartford,Nalandabodhi Connecticut,1475803963000,health/wellbeing,67,Members,41.8400001526,-72.7399978638
Hartford,Travel Party Meetup,1476646768000,outdoors/adventure,556,Travel Party Members,41.8800010681,-72.8199996948
Hartford,Tennis Social's at FVRC,1476835245000,sports/recreation,45,Players,41.8400001526,-72.8199996948
Hartford,CT Business Acceleration Group,1477317681000,career/business,123,Members,41.7099990845,-72.5599975586
Hartford,Well-Being for Warriors Meetup,1477750905000,support,35,Members,41.8400001526,-72.7399978638
Hartford,BNI Farmington Thursday,1478729857000,career/business,50,Members,41.7099990845,-72.8399963379
Hartford,R-Ladies Connecticut,1478734165000,tech,60,R-Ladies,41.7900009155,-72.6699981689
Hartford,Hartford MongoDB Users Group,1478796528000,tech,72,Members,41.7900009155,-72.6699981689
Hartford,"EVE" growing new concepts,1478954396000,community/environment,58,"EVE" growers,41.7700004578,-72.6999969482
Hartford,Bloomfield Spirit Communication Meetup,1479668798000,new age/spirituality,99,Members,41.8400001526,-72.7399978638
Hartford,Tai Chi Methods and Movements. Long term health self defense,1480111054000,sports/recreation,13,Students,41.8600006104,-72.6699981689
Hartford,Jack Belmont Show on YouToo,1480138592000,fine arts/culture,17,Members,41.7900009155,-72.6699981689
Hartford,Travel to Italy Meetup,1480386846000,language/ethnic identity,110,Travel enthusiasts Italy,41.7099990845,-72.5599975586
Hartford,Newly-Retired Newington Women,1480544834000,socializing,85,Members,41.6899986267,-72.7300033569
Hartford,Farmington Valley Travel Meetup,1480558671000,socializing,151,Members,41.8800010681,-72.8199996948
Hartford,Hartford Tai Chi Meetup,1480814910000,health/wellbeing,50,Members,41.7900009155,-72.6699981689
Hartford,Hartford Cyber Security for Control Systems,1480984159000,tech,23,Professionals,41.7900009155,-72.6699981689
Hartford,Central Connecticut INFJ Meetup,1481010748000,support,44,Members,41.7799987793,-72.6200027466
Hartford,Connecticut Real Estate Entrepreneurs,1481154661000,career/business,80,Members,41.7900009155,-72.6699981689
Hartford,Raw Natural Hygiene,1481480054000,food/drink,194,Members,41.8600006104,-72.6699981689
Hartford,Hartford House of Prayer Meetup,1481774282000,religion/beliefs,88,Members,41.7900009155,-72.6699981689
Hartford,InsurTech Hartford,1482252066000,career/business,212,InsurTechies,41.7900009155,-72.6699981689
Hartford,Hartford Beauty Industry Meetup,1483125868000,fashion/beauty,90,Members,41.7900009155,-72.6699981689
Hartford,Just want to have fun!,1483207901000,socializing,225,Members,41.8499984741,-72.6399993896
Hartford,Spiritual Or Inspirational Potluck and Movie Night,1484365643000,new age/spirituality,98,Members,41.8400001526,-72.7399978638
Hartford,Cross-Ideological Action - Hartford,1484496568000,movements/politics,36,Members,41.7900009155,-72.6699981689
Hartford,Hartford UAV Meetup,1484864011000,hobbies/crafts,35,Members,41.7900009155,-72.6699981689
Hartford,Hartford Woodard Group,1485898154000,education/learning,1,Members,41.7900009155,-72.6699981689
Hartford,Parents of Tweens/Teens learn about their social media lives,1485990813000,parents/family,27,Members,41.7900009155,-72.6699981689
Hartford,Newington Resists,1486002576000,movements/politics,16,Members,41.6899986267,-72.7300033569
Hartford,#Resist: Manchester  CT,1486182618000,movements/politics,225,Members,41.7799987793,-72.5199966431
Hartford,#Resist: New Britain,1486182620000,movements/politics,86,Members,41.6800003052,-72.7900009155
Hartford,#Resist: Hartford,1486182621000,movements/politics,380,Members,41.7900009155,-72.6699981689
Hartford,#Resist: West Hartford,1486182623000,movements/politics,351,Members,41.7599983215,-72.7600021362
Hartford,Awakenings: Monthly Mindfulness & Meditation Circle,1486415476000,new age/spirituality,72,Members,41.7900009155,-72.8600006104
Hartford,New England Volleyball And Socializing (NEVAS),1486597258000,socializing,443,Spikeopaths,41.8499984741,-72.6399993896
Hartford,Hartford Communication Skills Meetup,1486679151000,education/learning,141,Members,41.7900009155,-72.6699981689
Hartford,CT Irish 1st Business Network & Live Music Session - So Glas,1487044004000,career/business,66,O'Members,41.6599998474,-72.5699996948
Hartford,Mastermind Series: NAPW Hartford/Springfield Chapters,1487630199000,career/business,50,Attendees,41.7900009155,-72.6699981689
Hartford,Sahaj Samadhi Meditation,1487648629000,health/wellbeing,49,Members,41.7900009155,-72.6699981689
Hartford,Accidental Theatre Company,1487706724000,fine arts/culture,82,Members,41.6699981689,-72.8600006104
Hartford,Hartford RHUG,1487803345000,tech,87,Members,41.7900009155,-72.6699981689
Hartford,Yoga for Healing: Connecting to Self and Spirit,1487871849000,health/wellbeing,125,Members,41.7599983215,-72.7600021362
Hartford,Hartford Artificial Intelligence & Deep Learning,1488299594000,tech,393,Makers,41.7900009155,-72.6699981689
Hartford,Pinterest Crafts Monthly,1488508148000,hobbies/crafts,116,Members,41.6899986267,-72.7300033569
Hartford,Social Dance Nights,1488644341000,dancing,682,Members,41.7799987793,-72.5199966431
Hartford,EAST WINDSOR ADULT SOCCER,1489212682000,sports/recreation,97,Soccer Players,41.9000015259,-72.5999984741
Hartford,Understanding Islam Meetup,1489320544000,religion/beliefs,5,Members,41.6800003052,-72.7900009155
Hartford,Inspiring Creative Connections,1489605641000,socializing,173,Members,41.6699981689,-72.7799987793
Hartford,Peters ballroom Meetup,1489944779000,dancing,109,Have you RSVP ed for this weeks,41.7799987793,-72.5199966431
Hartford,Manchester ballroom Meetup,1489947336000,dancing,84,Members,41.7799987793,-72.5199966431
Hartford,Korean home cooking class in Windsor!,1490279942000,food/drink,49,Members,41.8600006104,-72.6699981689
Hartford,Manchester Latin Dance Meetup,1490285549000,dancing,230,Members,41.7799987793,-72.5199966431
Hartford,Untold Stories Project & Authentic Games CT,1490386276000,parents/family,18,Members,41.9300003052,-72.75
Hartford,Farmington valley Fellowship in Recovery,1490404315000,outdoors/adventure,34,Members,41.8800010681,-72.8199996948
Hartford,Christian Moms and Tween Girls Book Club,1490568757000,parents/family,9,Members,41.6699981689,-72.7799987793
Hartford,Hartford County Face 2 Face Network,1490628740000,support,2,Members,41.7799987793,-72.5199966431
Hartford,More Better Happy,1490981368000,new age/spirituality,167,Members,41.8300018311,-72.5699996948
Hartford,TheNightShifters,1491685245000,socializing,49,Members,41.6899986267,-72.7300033569
Hartford,Manchester  CT FBA Fulfillment By Amazon Meetup,1491710046000,career/business,16,Members,41.7799987793,-72.5199966431
Hartford,Connecticut Gay & Lesbian Chamber (CTGLC),1492096837000,LGBT,189,Members,41.7900009155,-72.6699981689
Hartford,NWP Kids Fun & Games Volunteers,1492966999000,community/environment,54,Potential Volunteers,41.8600006104,-72.6699981689
Hartford,Creative Mamas,1493044456000,fine arts/culture,48,Members,41.7099990845,-72.5599975586
Hartford,Hartford Power BI User Group,1493045431000,tech,139,Members,41.7900009155,-72.6699981689
Hartford,Blues Connecticut "Live Blues" for Listening and Dancing,1493247719000,music,268,Members,41.7900009155,-72.6699981689
Hartford,Quilters West - Monthly Meeting,1493508943000,hobbies/crafts,24,Members,41.7599983215,-72.7600021362
Hartford,Hartford Cannabis Dinner Club,1493520950000,food/drink,8,LUXE DINERS,41.7900009155,-72.6699981689
Hartford,Manchester Yamaha Motorcycles Meetup,1493734165000,cars/motorcycles,46,Members,41.7799987793,-72.5199966431
Hartford,Plainville Kirtan Meetup,1493835874000,health/wellbeing,5,Members,41.6699981689,-72.8600006104
Hartford,Avon Singers  Ringers and More!,1494012365000,music,45,Members,41.7900009155,-72.8600006104
Hartford,Dinner for Six or Eight - Central Connecticut,1494291252000,food/drink,128,Members,41.7799987793,-72.5199966431
Hartford,Enterprise Project Management Tools Meetup,1494352214000,tech,18,Members,41.7900009155,-72.6699981689
Hartford,Gluten-Free Connecticut's Family Meet-Ups!,1494586201000,parents/family,20,Members,41.7599983215,-72.7600021362
Hartford,Always On Sunday,1494631656000,dancing,50,Members,41.7000007629,-72.6699981689
Hartford,Always On Sunday International Folk Dancing,1494705823000,dancing,27,Members,41.7000007629,-72.6699981689
Hartford,20s  30s  and 40s Hartford Foodies,1494789118000,food/drink,349,Foodies,41.7900009155,-72.6699981689
Hartford,Devoxx4Kids - Connecticut,1495043686000,parents/family,40,Members,41.7099990845,-72.8399963379
Hartford,#BeABoss CT,1495074693000,career/business,315,#Bosses,41.7900009155,-72.6699981689
Hartford,Microsoft Westfarms Gaming Community,1495134449000,games,120,Members,41.7099990845,-72.8399963379
Hartford,CT Corgi Owners,1495455572000,pets/animals,24,Members,41.7900009155,-72.6699981689
Hartford,Bitcoin  Blockchain And Cryptocurrency,1495557094000,tech,135,Members,41.6599998474,-72.6699981689
Hartford,Get Happy Hour,1496245309000,socializing,261,Members,41.7099990845,-72.8399963379
Hartford,Women Entrepreneur Coaching Sessions in CT,1496634428000,career/business,132,Entrepreneurs,41.6599998474,-72.6699981689
Hartford,Ifa/Ancestral Reverence Community Healing Meetup,1496860788000,language/ethnic identity,15,Members,41.7900009155,-72.6699981689
Hartford,Fit Mom=Fit Family,1496945412000,fitness,22,Members,41.7900009155,-72.8600006104
Hartford,Hartford Internet Marketing Club,1497365845000,career/business,30,Members,41.7900009155,-72.6699981689
Hartford,Endurance Training and Fundraising of CT,1497643068000,fitness,46,Members,41.8600006104,-72.6699981689
Hartford,! Hartford International Asian Meetup Group ! (20s + 30s),1497910173000,food/drink,117,Members,41.75,-72.6999969482
Hartford,West Hartford Public Library Events,1498073826000,education/learning,50,Members,41.7599983215,-72.7600021362
Hartford,Hartford PowerShell User Group,1498128109000,tech,36,Members,41.7700004578,-72.6699981689
Hartford,NoSQL Hartford,1498479647000,tech,55,Members,41.7900009155,-72.6699981689
Hartford,Upward Hartford,1498507116000,tech,125,Members,41.7700004578,-72.6699981689
Hartford,Hartford Full Moon Meditation Group,1498866979000,new age/spirituality,20,Attendees,41.7900009155,-72.6699981689
Hartford,Hartford Women's Fitness/Exercise Meetup,1499180477000,fitness,288,Members,41.7900009155,-72.6699981689
Hartford,Over 55,1499626466000,socializing,50,Members,41.9000015259,-72.5999984741
Hartford,West Hartford Feel Good Fitness,1499685384000,fitness,156,Members,41.7900009155,-72.6699981689
Hartford,Manchester Creative Writing Meetup,1500200695000,writing,55,Members,41.7799987793,-72.5199966431
Hartford,CT Beer Tours: Events  Drinks & Fun,1500349329000,food/drink,130,Members,41.6699981689,-72.8600006104
Hartford,Dance Summer Camp for Adults,1500576580000,dancing,120,Members,41.7799987793,-72.5199966431
Hartford,Connecticut Go Meetup,1500942196000,tech,24,Gophers,41.7900009155,-72.6699981689
Hartford,Connecticut Kubernetes Meetup,1500943297000,tech,28,Kubernauts,41.7900009155,-72.6699981689
Hartford,Glastonbury Poetry Society,1501003310000,writing,5,Members,41.7099990845,-72.5599975586
Hartford,Wholistic Practitioners of CT,1501355014000,new age/spirituality,102,Members,41.7900009155,-72.8600006104
Hartford,Coaches  Consultants  and Service Providers Meetup,1501361650000,career/business,22,Members,41.8800010681,-72.8199996948
Hartford,New Britain Essential Oils Meetup,1501623199000,health/wellbeing,16,Members,41.6699981689,-72.7799987793
Hartford,West Hartford Italian Language And Conversation,1501625157000,language/ethnic identity,88,Members,41.7599983215,-72.7600021362
Hartford,Farmington Toastmasters Meetup,1501763956000,career/business,46,Members,41.7099990845,-72.8399963379
Hartford,E-Genius Mastermind (for online entrepreneurs in CT),1501875357000,career/business,50,E-Biz Owners,41.7099990845,-72.5599975586
Hartford,Connecticut User Experience Professionals Association,1501978434000,tech,162,Members,41.7900009155,-72.6699981689
Hartford,Resiliency Circle Meet Up,1502312478000,health/wellbeing,50,Members,41.7900009155,-72.6699981689
Hartford,Hartford Open Men's Circle,1502423132000,support,14,Brothers,41.7900009155,-72.6699981689
Hartford,Hartford Professional Development Meetup,1503143559000,career/business,52,Training & Development Pros,41.7799987793,-72.6200027466
Hartford,Fantasy Book Club Plainville,1503496108000,book clubs,13,Fantasy Readers,41.6699981689,-72.8600006104
Hartford,Northeast Solo Travelers group,1503513976000,outdoors/adventure,185,Members,41.7799987793,-72.5199966431
Hartford,New Britain Consciousness Meetup,1503589735000,movements/politics,27,Members,41.6699981689,-72.7799987793
Hartford,South Windsor Women's Book Club Meetup,1503628475000,book clubs,70,Members,41.8300018311,-72.5699996948
Hartford,Still Young Book Club,1503687773000,book clubs,25,Members,41.8499984741,-72.6399993896
Hartford,Glastonbury Square Dance Club,1503770743000,dancing,125,Members,41.7099990845,-72.5599975586
Hartford,Quirky Eastern European Expats in CT,1504037483000,language/ethnic identity,35,Members,41.7900009155,-72.6699981689
Hartford,Central CT Snow Snakes Ski & Snowboard Club,1504642165000,sports/recreation,71,SnowSnakes,41.7799987793,-72.6200027466
Hartford,I Am... Soul Guided Vision Board Workshop,1504965785000,new age/spirituality,102,Members,41.7900009155,-72.6699981689
Hartford,Bitcoin and Coffee meetup,1504988165000,career/business,50,Members,41.7900009155,-72.6699981689
Hartford,Mental Health and Resiliency-Moving Into Your Next Season,1505233911000,health/wellbeing,49,Members,41.7900009155,-72.6699981689
Hartford,Wildlife Rescue Network,1505824606000,pets/animals,241,Rescuers,41.8499984741,-72.6399993896
Hartford,Gold  Silver  Bitcoins Billionaires!,1506386508000,career/business,83,Members,41.7900009155,-72.6699981689
Hartford,West Hartford Anxiety Mutual Support Meetup,1506567338000,support,50,Members,41.7599983215,-72.7600021362
Hartford,Real Marriages Of Greater Hartford,1506798030000,socializing,1,Lovers ❤️,41.7900009155,-72.6699981689
Hartford,Hartford Financial Education Meetup,1506876672000,career/business,10,Members,41.7900009155,-72.6699981689
Hartford,Hartford: B2B Courant Networking,1507515170000,career/business,32,Members,41.7900009155,-72.6699981689
Hartford,Connecticut .NET Developers Group - CTDOTNET,1507557158000,tech,115,Members,41.7599983215,-72.7600021362
Hartford,20s Hartford Area Meetup Group,1507776071000,socializing,90,Members,41.7900009155,-72.6699981689
Hartford,BlockHead,1508010088000,tech,53,Members,41.6599998474,-72.8000030518
Hartford,Drifter Pass Sales Event For Best Pricing,1508133983000,outdoors/adventure,7,Members,41.7900009155,-72.6699981689
Hartford,Bloomfield Mental Health Support Group,1508186460000,support,4,Members,41.8400001526,-72.7399978638
Hartford,WHINE   N    WORKOUT,1508214108000,fitness,88,Winners,41.7599983215,-72.7600021362
Hartford,Whine N Workout,1508215904000,fitness,70,Members,41.7599983215,-72.7600021362
Hartford,Hartford Dads Group,1508434707000,parents/family,25,Dads,41.7900009155,-72.6699981689
Hartford,Home Studio Recording,1508440372000,music,9,Producers,41.7299995422,-72.7399978638
Hartford,Fantasy  Paranormal and Sci-fi Writers of Central CT,1508664995000,writing,6,Members,41.6699981689,-72.7799987793
Hartford,Support group for individuals with Asperger partners/spouses,1508680408000,parents/family,2,Members,41.7599983215,-72.7600021362
Hartford,Moms of Children with Autism Connecticut,1508716421000,socializing,15,Moms of Children with Autism CT,41.7900009155,-72.6699981689
Hartford,Macri School Of Music Guitar Ensemble,1508862257000,music,24,Members,41.6699981689,-72.8600006104
Hartford,Scuba Shack,1508970825000,outdoors/adventure,23,Underwater Enthusiasts,41.6599998474,-72.6699981689
Hartford,West Hartford Catholic Young Adults,1508983832000,religion/beliefs,9,Members,41.7599983215,-72.7600021362
Hartford,Connecticut Brewery Aficianados,1509323303000,food/drink,21,Members,41.7599983215,-72.6900024414
Hartford,Poetry Bistro Night at the Storyteller's Cottage,1509497738000,writing,36,Members,41.8800010681,-72.8199996948
Hartford,Brainstorming the Castle: Adult Board Game Night,1509498819000,sci-fi/fantasy,43,Members,41.8800010681,-72.8199996948
Hartford,The Curious Culinarian Literary Society,1509500248000,book clubs,30,Members,41.8800010681,-72.8199996948
Hartford,Manchester Gluten-Free Meetup Monthly Mixer,1510073819000,food/drink,18,Members,41.7799987793,-72.5199966431
Hartford,Astrological Society of CT,1510074307000,new age/spirituality,78,Members,41.7000007629,-72.6699981689
Hartford,Hartford eSports League,1510087594000,sports/recreation,5,eSport Athletes,41.7799987793,-72.6200027466
Hartford,Wealth Building Seminar,1510497469000,career/business,16,Members,41.7900009155,-72.6699981689
Hartford,Hartford Cooking Classes Meetup,1510621264000,food/drink,51,Members,41.7900009155,-72.6699981689
Hartford,CT Winter Indoor Soccer,1510699615000,sports/recreation,51,Footballers,41.7099990845,-72.5599975586
Hartford,Girlfriends in a Relationship,1511117252000,socializing,11,Members,41.7900009155,-72.6699981689
Hartford,Success Strategies for Women Entrepreneurs (Hartford),1511826118000,career/business,32,Womenpreneurs,41.7700004578,-72.6699981689
Hartford,Manchester Conservation Meetup,1511878815000,community/environment,27,Members,41.7799987793,-72.5199966431
Hartford,Manchester Social Networking Meetup,1511978981000,support,13,Members,41.7799987793,-72.5199966431
Hartford,West Hartford Step-Parents Meetup,1512150129000,parents/family,2,Members,41.7599983215,-72.7600021362
