Charlotte,The Charlotte Ghost Trackers Meetup Group,1038056400000,paranormal,830,Investigators,35.1899986267,-80.8300018311
Charlotte,Charlotte Solopreneurs,1050784821000,career/business,2584,Solopreneurs,35.2299995422,-80.8399963379
Charlotte,The Charlotte Asperger's Syndrome Meetup Group,1052569875000,support,454,Aspies and kin,35.1100006104,-80.8099975586
Charlotte,The Charlotte Paranormal Believers Meetup Group,1060084530000,paranormal,522,Paranormal Believers,35.1899986267,-80.8300018311
Charlotte,The Charlotte Standard Poodle Meetup Group,1095886763000,pets/animals,282,Standard & MixedStandard owners,35.2200012207,-80.7900009155
Charlotte,Charlotte Black Professionals,1137015305000,career/business,76,Charlotte Black Professionals,35.2299995422,-80.8399963379
Charlotte,The Charlotte Book Club Meetup Group,1152653102000,book clubs,39,Book Readers,35.1699981689,-80.8499984741
Charlotte,Travel and Culture Enthusiasts,1155956746000,outdoors/adventure,2274,Travel Enthusiasts,35.1300010681,-80.8600006104
Charlotte,Charlotte Family Depot,1163436441000,career/business,550,Charlotte Family Vendors,35.2900009155,-80.8799972534
Charlotte,The Charlotte Bellydance Meetup Group,1167502723000,dancing,812,Bellydancers,35.1100006104,-80.8099975586
Charlotte,The Charlotte Salsa Maniacs Meetup Group,1168981185000,dancing,1068,Charlotte SalsaManiacs Dancers,35.1699981689,-80.7900009155
Charlotte,The Charlotte Write to Publish Group,1169246706000,writing,1018,Writers,35.1699981689,-80.8499984741
Charlotte,The Charlotte Reiki Meetup Group,1169498138000,new age/spirituality,549,People interested in Reiki,35.2000007629,-80.8300018311
Charlotte,Greater Charlotte Law of Attraction Meetup Group,1169663930000,new age/spirituality,992,LOA Conscious Creators,35.2299995422,-80.8399963379
Charlotte,Charlotte Photography Group,1170085820000,photography,173,Photographers,35.1699981689,-80.7900009155
Charlotte,Agile Carolinas,1171049438000,tech,887,Agile Software Supporters,35.1699981689,-80.8499984741
Charlotte,Charlotte Runners,1173280364000,fitness,5772,Charlotte Runners,35.2000007629,-80.8300018311
Charlotte,Charlotte Complementary Health Meetup Group,1173395121000,health/wellbeing,145,Complementary Health Supporter,35.1500015259,-80.9300003052
Charlotte,The Charlotte Whole Food Nutrition Meetup Group,1173964753000,food/drink,544,People Interested in Whole Foods,35.1899986267,-80.8300018311
Charlotte,Good Eats & Meets-Charlotte,1175438870000,food/drink,16761,GEAM'ers,35.1899986267,-80.8300018311
Charlotte,The Charlotte NC Digital Marketing Meetup Group,1179973351000,tech,1539,Charlotte Business Professionals,35.1899986267,-80.8300018311
Charlotte,Power of a Praying Wife/Woman Virtual & In-person Group,1181066778000,religion/beliefs,227,Powerful Praying Women,35.2299995422,-80.8399963379
Charlotte,VegCharlotte Meetup,1181082541000,food/drink,382,Vegetarians & Vegans,35.1300010681,-80.8600006104
Charlotte,The Carolina Berg Wanderers Meetup Group,1181183095000,outdoors/adventure,126,Outdoor Enthusiasts,35.2299995422,-80.8399963379
Charlotte,Charlotte Spirituality and Meditation Community,1181877234000,new age/spirituality,1610,Meditators,35.2099990845,-80.8300018311
Charlotte,The Charlotte Movie & Dinner Group (M&D),1182893163000,movies/film,97,Movie Fans,35.2200012207,-80.7900009155
Charlotte,The Charlotte Hispanic Professionals Meetup Group,1183150854000,career/business,1389,Hispanic Professionals,35.25,-80.8199996948
Charlotte,Restaurants & Railfans,1184781872000,socializing,38,New Residents,35.1899986267,-80.7200012207
Charlotte,Social Adventures - Charlotte,1185040156000,socializing,2745,Members,35.2200012207,-80.7900009155
Charlotte,Charlotte Multi-Family (Apartment) & Houses Investor/ Mentor,1185437501000,career/business,488,Real Estate Buyers & Investors,35.1199989319,-80.7600021362
Charlotte,Charlotte Philosophy Discussion Group,1186797165000,religion/beliefs,1312,Philosophers,35.1699981689,-80.8499984741
Charlotte,The Charlotte Art Meetup Group,1187835341000,fine arts/culture,1683,Charlotte area Artists,35.25,-80.8199996948
Charlotte,QueenCity  Stay At Home Moms,1188358394000,parents/family,90,Super Moms,35.2900009155,-80.8799972534
Charlotte,Women of Color Networking and Friendship Circle,1189787172000,socializing,1462,Women of Color,35.1699981689,-80.7900009155
Charlotte,The Charlotte Chinese Language & Culture Meetup Group,1189952522000,language/ethnic identity,26,Chinese Speakers,35.1899986267,-80.8300018311
Charlotte,The Charlotte Acting/Film Industry Meetup Group,1191468647000,movies/film,1549,Film People,35.25,-80.8199996948
Charlotte,Spirit Riders NC (Harley Davidson Sun.200),1193501948000,cars/motorcycles,327,Spirit Riders Follow the spirit,35.1199989319,-80.7600021362
Charlotte,Raw Food Meetup Group - Charlotte  NC,1197513241000,food/drink,1136,Raw Foodists,35.3100013733,-80.8099975586
Charlotte,- Outdoor Club South - Charlotte Chapter,1198085184000,outdoors/adventure,3602,Adventurers,35.2299995422,-80.8399963379
Charlotte,The Charlotte Home Buyers Meetup Group,1200116738000,career/business,735,Professionals & Home Buyers,35.3100013733,-80.8099975586
Charlotte,Astrology YPIE Meetup Group,1200929543000,new age/spirituality,288,Astrologers in the Making,35.2200012207,-80.7900009155
Charlotte,BLDCLT,1201566589000,career/business,441,BLDCLT Members,35.25,-80.8199996948
Charlotte,The Charlotte Business Women's Networking Meetup,1202161922000,career/business,663,Women in Business,35.1500015259,-80.9300003052
Charlotte,The Charlotte Beer Club - Charlotte North Carolina USA,1202242666000,socializing,6319,Mem-BEERS,35.1399993896,-80.9400024414
Charlotte,The Charlotte Divas,1203967341000,socializing,226,Divas,35.2200012207,-80.7900009155
Charlotte,Charlotte Latin and African Dance,1204052385000,dancing,5457,Latin Music & Dance Fanatics,35.2299995422,-80.8399963379
Charlotte,The Charlotte Anime/Manga Society,1204232054000,sci-fi/fantasy,1314,Otaku,35.1699981689,-80.7900009155
Charlotte,The Charlotte Euchre Meetup,1204681291000,games,465,Euchre Players,35.0600013733,-80.8099975586
Charlotte,The Charlotte Christian Pacifist Meetup,1205455679000,religion/beliefs,17,Progressive Christians,35.2299995422,-80.8399963379
Charlotte,Charlotte Area Boardgamers,1205637125000,games,1390,Gamers,35.2299995422,-80.8399963379
Charlotte,Charlotte Holistic Wellness,1206986460000,health/wellbeing,688,Alternative Wellness Seekers,35.1500015259,-80.9300003052
Charlotte,Greater Charlotte Libertarians,1207849171000,movements/politics,511,Libertarians,35.2299995422,-80.8399963379
Charlotte,Carolina Jazz Friends!,1210734507000,music,2586,Jazz Friends!,35.2200012207,-80.7900009155
Charlotte,Charlotte Steelers Fans,1211466537000,sports/recreation,1082,Steelers Fans,35.2299995422,-80.8399963379
Charlotte,The Charlotte Separated or Divorce Support Group,1212457765000,singles,1871,Journers,35.1699981689,-80.7900009155
Charlotte,Digital Marketing Technologies,1213498741000,career/business,639,Digital Marketing Technologies,35.2299995422,-80.8399963379
Charlotte,Queen City Tennis Group,1215182573000,sports/recreation,984,Tennis Players,35.1100006104,-80.8099975586
Charlotte,Charlotte Ruby Meetup Group,1216664896000,tech,654,Ruby programmers,35.2200012207,-80.7900009155
Charlotte,Queen City Beginner Bluegrass Jam Session,1216836795000,music,319,Charlotte Bluegrass Jam Meetup,35.3300018311,-80.6600036621
Charlotte,Italian Social Club: eat  drink  LIVE ITALIAN!,1218831704000,language/ethnic identity,2321,Amici Italiani,35.1300010681,-80.8600006104
Charlotte,Charlotte Ballroom Dancing Meetup Group,1219019651000,dancing,956,Ballroom Dancers,35.2200012207,-80.7900009155
Charlotte,The Charlotte iOS Developers Meetup,1219117077000,tech,1281,People,35.2299995422,-80.8399963379
Charlotte,Charlotte Wine Appreciation,1221425743000,socializing,77,Wine Enthusiasts,35.1699981689,-80.8499984741
Charlotte,The South Charlotte Playgroup,1223071059000,parents/family,1664,SCP Moms,35.1699981689,-80.7900009155
Charlotte,Consciousness CafÃ©,1223587687000,new age/spirituality,422,Consciousness Enthusiasts,35.3199996948,-80.7399978638
Charlotte,Charlotte - Reedy Creek Hiking Club,1225905516000,fitness,3002,Hiking Enthusiasts,35.2400016785,-80.7300033569
Charlotte,The Charlotte Geeks,1226429248000,sci-fi/fantasy,3527,Fellow Geeks,35.3100013733,-80.8099975586
Charlotte,The Charlotte Italian Greyhound Meetup Group,1226848336000,pets/animals,162,Iggy Mom & Dad's,35.1699981689,-80.7900009155
Charlotte,Fit-In-Nature,1230576620000,health/wellbeing,60,fit in nature,35.2400016785,-80.7300033569
Charlotte,Charlotte Conscious Dance/Movement  Healing Sound & Rituals,1232042517000,health/wellbeing,1804,Conscious Dancers/Mindful Movers,35.1899986267,-80.8300018311
Charlotte,The Charlotte Spanish & Portuguese Language Meetup,1232226210000,language/ethnic identity,358,Members,35.2200012207,-80.7900009155
Charlotte,Develop Yo(U)-CLT Intuitive & Development Group,1233703489000,new age/spirituality,509,Lightworker,35.2200012207,-80.7900009155
Charlotte,Advanced Internet Marketing Charlotte,1234195358000,tech,266,People Interested in SEO,35.0600013733,-80.8099975586
Charlotte,The Charlotte Outdoor Parents,1234285218000,outdoors/adventure,1090,Outdoor family,35.3100013733,-80.8099975586
Charlotte,Greater Charlotte Area WordPress Group,1235325376000,tech,398,WordPress Users  Gurus  Designer,35.2099990845,-80.8600006104
Charlotte,Integrative Practitioners,1235524023000,health/wellbeing,464,People interested in Wellness,35.2099990845,-80.8300018311
Charlotte,Charlotte Veggies,1235533446000,food/drink,1491,Veggies,35.2299995422,-80.8399963379
Charlotte,Carolina Film Community,1237217449000,movies/film,2537,members,35.2099990845,-80.8300018311
Charlotte,The Bella Torah Fellowship,1237817744000,religion/beliefs,43,Torah keepers,35.1100006104,-80.6900024414
Charlotte,Charlotte Humanianity,1238280020000,religion/beliefs,405,Humanians,35.1699981689,-80.8499984741
Charlotte,Active Charlotteans - No Bar Meets,1238284674000,socializing,3833,Active Lovers of  Life,35.1300010681,-80.8600006104
Charlotte,The Charlotte Ski & Snowboard Club,1239372316000,outdoors/adventure,2016,CSSC Members,35.1800003052,-80.8499984741
Charlotte,Charlotte Real Estate Investors Alliance (Charlotte REIA),1239666276000,career/business,1602,RE Investors / Wealth Builder's,35.2200012207,-80.7900009155
Charlotte,CFC Workshops,1240843523000,movies/film,999,Film People,35.25,-80.8199996948
Charlotte,Charlotte Area Chicago Cubs Fans,1242939119000,socializing,451,Cubs Fans,35.2000007629,-80.8300018311
Charlotte,CETS (Charlotte Entertainment  Travel  and Sports),1243686610000,sports/recreation,1437,Bump  CETS  Spike!,35.2299995422,-80.8399963379
Charlotte,CHARLOTTE WEST AFRICAN DANCE,1244069317000,music,1913,Dancers and Drummers,35.2900009155,-80.8799972534
Charlotte,Hiking - Charlotte/Piedmont Areas,1244948996000,outdoors/adventure,7826,Outdoorsy types,35.2900009155,-80.7799987793
Charlotte,Charlotte Singles Golf,1247059182000,singles,129,Golfers,35.2000007629,-80.8199996948
Charlotte,Charlotte FastTracÂ® Roundtable,1247795521000,career/business,85,Members,35.3199996948,-80.7399978638
Charlotte,Google Developer Group Charlotte,1248439024000,tech,1164,Developers,35.2299995422,-80.8399963379
Charlotte,The Charlotte French & Francophone Meetup Group,1250133987000,language/ethnic identity,1035,Members,35.3199996948,-80.7399978638
Charlotte,55+ New Friends Social Group,1250176496000,socializing,1032,Friends,35.1100006104,-80.6900024414
Charlotte,Charlotte Zen Meditation Society,1250196071000,religion/beliefs,946,Practitioners,35.1699981689,-80.8499984741
Charlotte,North Carolina Internet Marketers,1252728785000,tech,586,Internet Marketers,35.1100006104,-80.8099975586
Charlotte,49er Faithful of Charlotte,1254318871000,sports/recreation,316,49er Faithful,35.2099990845,-80.8300018311
Charlotte,Cosmolinx - Charlotte's Fashion Hub,1254447011000,fashion/beauty,1452,Insiders,35.1899986267,-80.8300018311
Charlotte,Meditation on Twin Hearts- Charlotte,1254774357000,health/wellbeing,1239,Enlightened Souls,35.2099990845,-80.8600006104
Charlotte,LadySafe Society,1256583126000,sports/recreation,1352,Members,35.3100013733,-80.8099975586
Charlotte,Charlotte Blues Jam,1256997562000,music,924,Musicians,35.1100006104,-80.6900024414
Charlotte,The Charlotte Voiceover Exchange,1257954825000,education/learning,24,Voice Talent,35.2700004578,-80.9599990845
Charlotte,Charlotte Ultimate,1258153521000,sports/recreation,692,Hucksters,35.1699981689,-80.8499984741
Charlotte,CHARLOTTE LAUGHTER YOGA,1259261705000,health/wellbeing,428,Members Laughter budddies,35.2000007629,-80.8300018311
Charlotte,Charlotte Young Indians,1259971567000,socializing,1527,Members,35.2099990845,-80.8600006104
Charlotte,I am Happy Project - Charlotte  NC,1262104123000,new age/spirituality,649,Happy People,35.1899986267,-80.8300018311
Charlotte,Charlotte Interactive Marketing Association,1263832891000,career/business,576,Members,35.2099990845,-80.8600006104
Charlotte,Queen City PHP,1264599647000,tech,586,Developers,35.0600013733,-80.8099975586
Charlotte,Carolina Multi-Cultural Connection,1264733290000,socializing,2741,Unique Individuals,35.2299995422,-80.8399963379
Charlotte,Kiwanis Uptown Charlotte Meetup,1266241555000,community/environment,399,Kiwanians,35.2299995422,-80.8399963379
Charlotte,Catawba Riverkeeper Foundation,1267718080000,parents/family,309,River Rats,35.1500015259,-80.9300003052
Charlotte,Speed Networking 4 Charlotte Business Professionals,1268168982000,career/business,302,Networker's,35.1500015259,-80.9300003052
Charlotte,CharlotteJS,1268197355000,tech,1816,Members,35.2299995422,-80.8399963379
Charlotte,Metrolina Real Estate Investors Association - Charlotte,1271564523000,career/business,572,Members,35.0600013733,-80.8099975586
Charlotte,Portrait Photography Group - Charlotte,1272225936000,photography,1525,Portrait Photographers,35.1399993896,-80.9400024414
Charlotte,Charlotte & Lake Norman Girls Just Wanna Have FUN!,1272840658000,socializing,590,Fun & Fabulous Girls,35.2400016785,-80.9100036621
Charlotte,Charlotte User Experience,1273758096000,tech,2124,UX Designers,35.1300010681,-80.8600006104
Charlotte,The Power of "We"- Connecting and Empowering Single Mothers!,1273848416000,parents/family,462,Phenomenal Moms,35.2099990845,-80.8300018311
Charlotte,Russians in Charlotte,1273882930000,language/ethnic identity,209,Members,35.0600013733,-80.8099975586
Charlotte,Carolina Tennis Community,1275525143000,sports/recreation,116,Rising Stars,35.2099990845,-80.8300018311
Charlotte,Charlotte Bloggers,1276531131000,tech,867,QC Bloggers,35.2299995422,-80.8399963379
Charlotte,The Pulse...Social & Educational Events  Networking & More.,1276609935000,career/business,189,Members,35.2299995422,-80.8399963379
Charlotte,Charlotte Couples Cocktails & Fun Meetup,1276727187000,socializing,793,couples,35.2900009155,-80.8799972534
Charlotte,Charlotte New In Town Or Feel New,1277298521000,socializing,1870,CNIT's,35.0600013733,-80.8099975586
Charlotte,Charlotte Business Owners,1277990922000,career/business,3446,Members,35.0600013733,-80.8099975586
Charlotte,Dogs & Drinks Meetup,1278097618000,pets/animals,3413,Members,35.2200012207,-80.7900009155
Charlotte,Charlotte Drupal User Group,1283376666000,tech,317,Drupalers,35.3100013733,-80.8099975586
Charlotte,Thrifty Author Publishing Success Network,1284076603000,career/business,341,Members,35.3199996948,-80.7399978638
Charlotte,30 Day Marketing Success Network,1284078194000,career/business,112,Members,35.3199996948,-80.7399978638
Charlotte,Add Your Energy!,1284679718000,new age/spirituality,185,AYE Family Members,35.1100006104,-80.8199996948
Charlotte,Charlotte Business Networking 101,1285002293000,career/business,560,Networkers,35.2099990845,-80.8600006104
Charlotte,Charlotte West Coast Swing,1285080101000,dancing,457,West Coasters,35.2400016785,-80.7300033569
Charlotte,Charlotte Referral Network,1286670296000,socializing,1654,Referral Partner,35.0600013733,-80.8099975586
Charlotte,Charlotte Python Meetup,1286676989000,tech,1097,Pythonistas,35.2299995422,-80.8399963379
Charlotte,Charlotte Cooking  Dining and Wine Group,1287722286000,career/business,162,Bon Vivants,35.2700004578,-80.9599990845
Charlotte,Improve Your Sales Now Forum,1288214254000,career/business,212,Members,35.2900009155,-80.8799972534
Charlotte,COGASOC - Second Tabernacle  Charlotte North Carolina,1289153547000,education/learning,23,Brothers  Sisters  and Friends,35.25,-80.8199996948
Charlotte,Dance-Royal Movement Line Dance & Fitness,1289287197000,career/business,578,Royal Movers,35.2299995422,-80.8399963379
Charlotte,Charlotte Christian Singles,1289439898000,religion/beliefs,1506,Christian Singles,35.1100006104,-80.6900024414
Charlotte,Polish in Charlotte,1290019026000,language/ethnic identity,298,Polish community in Charlotte,35.2400016785,-80.9100036621
Charlotte,Charlotte Spiritual Experiences Group,1291321972000,new age/spirituality,496,Spiritual People,35.1500015259,-80.9300003052
Charlotte,Carolina Trail Runner & Mountain Biker Group,1291578753000,fitness,2596,Members,35.1399993896,-80.9400024414
Charlotte,Skookum Tech Talks,1291908848000,tech,3518,Members,35.2299995422,-80.8399963379
Charlotte,Integrative Medical Association,1292172478000,health/wellbeing,28,Integrative Medicine Clinicians,35.2099990845,-80.8300018311
Charlotte,Charlotte Dynamic Women,1292246657000,career/business,2223,Dynaladies,35.2200012207,-80.7900009155
Charlotte,Charlotte Lady Hikers,1293996078000,outdoors/adventure,236,Lady Hikers,35.0600013733,-80.8099975586
Charlotte,National Women's Leadership Association,1294901447000,career/business,2,Business Owners,35.1699981689,-80.8499984741
Charlotte,Holistic Solutions,1295299682000,health/wellbeing,503,Holistic Sages,35.1699981689,-80.8499984741
Charlotte,Charlotte Real Estate Investors Association,1295456903000,career/business,417,Investors,35.1100006104,-80.8099975586
Charlotte,Charlotte Pole Dancers,1295936872000,health/wellbeing,203,Pole Junkies,35.1100006104,-80.8099975586
Charlotte,Single Parents Social Group,1296071731000,parents/family,153,Single Parents,35.2299995422,-80.8399963379
Charlotte,Charlotte Dragon Boat Association,1296190168000,fitness,1010,Paddlers,35.2299995422,-80.8399963379
Charlotte,Charlotte Small Dog Society,1296507329000,pets/animals,240,Small Dog Lovers,35.3100013733,-80.8099975586
Charlotte,Carolinas BMW Motorcycle Owners Association,1297474444000,cars/motorcycles,199,Riders,35.2299995422,-80.8399963379
Charlotte,Charlotte Swing Dance,1297540454000,dancing,558,Dance Fanatics,35.2400016785,-80.7300033569
Charlotte,Charlotte Wine Club,1298609406000,food/drink,806,Charlotte Wine Clubbers,35.2200012207,-80.7900009155
Charlotte,Packard Place,1298643030000,career/business,3762,Members,35.2299995422,-80.8399963379
Charlotte,Women's F.R.E.E.D.O.M Money & Investment Circle,1298914241000,career/business,16,F.R.E.E.D.O.M Specialists,35.2700004578,-80.9599990845
Charlotte,Rogue Dames of North Carolina,1299637600000,fitness,1144,Dames,35.2299995422,-80.8399963379
Charlotte,Leisure University & Travel,1300153048000,socializing,567,Members,35.0600013733,-80.8099975586
Charlotte,Modern Muscle Car Club of the Carolinas,1300327980000,cars/motorcycles,243,Gearheads,35.1300010681,-80.8600006104
Charlotte,Charlotte Single Moms by Choice,1300891143000,parents/family,193,Choice Moms,35.0600013733,-80.8099975586
Charlotte,Sista Girls Network,1301543956000,socializing,1554,Sista Girls,35.1699981689,-80.7900009155
Charlotte,Queen City Game Club,1303348431000,games,2492,Strategists,35.0600013733,-80.8099975586
Charlotte,! The QC Young Active Professionals !,1303831856000,socializing,2373,YAPs,35.2900009155,-80.7799987793
Charlotte,Charlotte Hadoop Users Group,1304957176000,tech,909,Hackers,35.2099990845,-80.8600006104
Charlotte,Charlotte Notre Dame Fans,1309030049000,fitness,309,Domers,35.2299995422,-80.8399963379
Charlotte,CHARLOTTE Loves to Dance!,1310609918000,dancing,4652,Dance Lovers!,35.1100006104,-80.8099975586
Charlotte,Doing My Part | CLT | A New Kind of Charity,1311349484000,socializing,2582,Volunteers,35.1699981689,-80.8499984741
Charlotte,Hungry for God,1311733710000,career/business,79,Brothers and Sisters,35.1899986267,-80.7200012207
Charlotte,The Charlotte Poly Network,1312386733000,alternative lifestyle,701,Members,35.2099990845,-80.8300018311
Charlotte,Charlotte Bourbon Club,1312649761000,food/drink,37,Bourbonistas,35.2299995422,-80.8399963379
Charlotte,Charlotte Black Filmmakers  Actors and Writers Group,1312743530000,movies/film,1001,Members,35.2299995422,-80.8399963379
Charlotte,The Kumara Center for Spiritual Awareness,1312912163000,new age/spirituality,262,Seekers,35.1199989319,-80.7600021362
Charlotte,Charlotte Cloud Computing,1313456122000,tech,1089,Members,35.1899986267,-80.8300018311
Charlotte,Charlotte Front-End Developers,1315828792000,tech,1236,Front-End Developers,35.1300010681,-80.8600006104
Charlotte,Infinite Health,1316130406000,support,241,Members,35.2000007629,-80.8300018311
Charlotte,Christian Party of North Carolina-Charlotte,1316915862000,movements/politics,427,Christian Constitutionalists,35.2299995422,-80.8399963379
Charlotte,Providence Business Partners,1317859879000,career/business,533,Networkers,35.0600013733,-80.8099975586
Charlotte,Charlotte Breezers Ski and Sports Club,1318716394000,outdoors/adventure,328,Adventure Seekers,35.2900009155,-80.7799987793
Charlotte,0-100 Adventure- Hiking  Kayaking  Social / Etc.,1319684958000,outdoors/adventure,111,0-100-Adventure-Hiking-Kayaking,35.2000007629,-80.8300018311
Charlotte,Entrepreneurs Supporting Entrepreneurs,1319813249000,career/business,813,Entrepreneurs,35.1899986267,-80.7200012207
Charlotte,DMP Street Team Charlotte,1321567502000,community/environment,563,Local Heroes,35.0600013733,-80.8099975586
Charlotte,Charlotte M+arty Party Biz Networking (Meeting+Party=Marty),1321579701000,career/business,1723,Small Biz Owners,35.3100013733,-80.8099975586
Charlotte,Charlotte PowerShell Users Group,1322496405000,tech,404,PowerShell Hackers,35.1199989319,-80.7600021362
Charlotte,Sierra Club Central Piedmont Group (Charlotte),1322995558000,community/environment,1378,Members,35.2099990845,-80.8600006104
Charlotte,LinkedIn Charlotte,1323356871000,career/business,1094,Members,35.0600013733,-80.8099975586
Charlotte,Charlotte Video Production,1325537225000,movies/film,114,Business Video Professionals,35.0600013733,-80.8099975586
Charlotte,Ground Zero Singles Meeting Friends,1325552024000,socializing,201,GZ Friends,35.1300010681,-80.8600006104
Charlotte,Charlotte Adult ADD Meetup Group,1325569549000,support,241,Adults with ADHD,35.1199989319,-80.7600021362
Charlotte,Ballantyne Crew,1325856380000,socializing,3314,professionals,35.0600013733,-80.8099975586
Charlotte,Modern Devs Charlotte,1326321823000,tech,990,Technology Enthusiasts,35.3300018311,-80.7600021362
Charlotte,MOMS ClubÂ® of Matthews-SW,1326749256000,parents/family,17,Members,35.1100006104,-80.6900024414
Charlotte,Queen City Forward,1327422988000,parents/family,523,Entrepreneurs,35.2299995422,-80.8399963379
Charlotte,Charlotte  NC Chemtrail Awareness,1327957906000,movements/politics,43,Chemtrail Truth Seekers,35.2299995422,-80.8399963379
Charlotte,Charlotte eLearning Group,1328103862000,career/business,36,Members,35.2299995422,-80.8399963379
Charlotte,Charlotte Area Holistic Network,1328543363000,health/wellbeing,858,Members,35.1300010681,-80.8600006104
Charlotte,Parent of a "Lil Sista",1329849326000,parents/family,94,Lil Sista Parents,35.1699981689,-80.7900009155
Charlotte,CHARLOTTE/ONE,1330714756000,religion/beliefs,1560,20-30somethings,35.2299995422,-80.8399963379
Charlotte,Urban Adventurers,1330907001000,socializing,5111,Urban Adventurers,35.1899986267,-80.8300018311
Charlotte,Queen City Toastmasters-Charlotte,1331488039000,health/wellbeing,1045,Members,35.2200012207,-80.7900009155
Charlotte,OWASP Charlotte,1332251751000,tech,355,Members,35.2299995422,-80.8399963379
Charlotte,Ballantyne at 9 - BNI,1333565471000,career/business,1081,Members,35.0600013733,-80.8099975586
Charlotte,Charlotte Beer Babes,1333806907000,food/drink,1408,Beer Babes,35.2099990845,-80.8600006104
Charlotte,Charlotte English Bulldog Meetup Group,1334884556000,pets/animals,230,Members,35.1699981689,-80.8499984741
Charlotte,Big Data Society of Charlotte,1336659007000,tech,182,Members,35.0600013733,-80.8099975586
Charlotte,Pranic Healing Charlotte,1336851682000,new age/spirituality,134,Energy Beings,35.2299995422,-80.8399963379
Charlotte,Fit4Mom Charlotte,1337866953000,parents/family,253,Fit Mamas,35.0600013733,-80.8099975586
Charlotte,QUEEN CITY GROOVE SOUL LINE DANCE,1339161029000,dancing,455,QUEEN CITY GROOVERS,35.25,-80.8199996948
Charlotte,Digital Marketing: Presented by CAMA,1339162142000,tech,822,Marketing Professionals,35.2099990845,-80.8600006104
Charlotte,CharlotteCohousing,1339170147000,community/environment,394,Cohousers,35.1100006104,-80.8099975586
Charlotte,Greater Charlotte Ukulele Meetup,1339611360000,music,297,Ukulele Players,35.1300010681,-80.8600006104
Charlotte,Retirees with Flair of North Charlotte,1341674053000,socializing,84,Retirees & Future Retirees,35.3100013733,-80.8099975586
Charlotte,We Serve Again - Charlotte Code Ops Challenge,1342533281000,tech,60,Veterans,35.1899986267,-80.8300018311
Charlotte,RichDad Cashflow,1342568648000,career/business,48,Investors  entrepreneurs,35.1199989319,-80.7600021362
Charlotte,Charlotte German Language and Expat Group,1343173107000,language/ethnic identity,703,Queen City German Speakers,35.2099990845,-80.8600006104
Charlotte,Carolina Paranormal (Charlotte  NC),1343669371000,paranormal,439,Paranormal Investigators,35.2299995422,-80.8399963379
Charlotte,Charlotte MongoDB User Group,1343674441000,tech,215,MongoDB Fans,35.3300018311,-80.7600021362
Charlotte,MVA & Meditation Together,1344058166000,health/wellbeing,27,meditators,35.1100006104,-80.8099975586
Charlotte,Creative Real Estate Mentor,1344605483000,career/business,31,Transaction Engineers,35.2200012207,-80.7900009155
Charlotte,Cigars & Stilettos,1344915771000,hobbies/crafts,9,Cigar Divas & Gents,35.0600013733,-80.8099975586
Charlotte,45+ WOMEN'S MEETUP GROUP,1345050831000,socializing,114,Fun Lovers,35.0600013733,-80.8099975586
Charlotte,Charlotte Black Professional Women,1345228913000,socializing,1265,Ladies,35.2299995422,-80.8399963379
Charlotte,Charlotte Area Cycling,1345574079000,outdoors/adventure,1960,Cyclists,35.2299995422,-80.8399963379
Charlotte,Charlotte Creative Photography,1345818434000,photography,676,Creative Visionaries,35.2900009155,-80.8799972534
Charlotte,North Charlotte ZUMBA  - Shake it with Slavka!,1347469178000,fitness,1767,Zumba Lovers,35.2900009155,-80.8799972534
Charlotte,Charlotte Concerts,1347591508000,music,215,Rock and Rollers,35.3199996948,-80.7399978638
Charlotte,Charlotte Catholic Young Adult Ministry - 20's & 30's,1347906087000,religion/beliefs,771,Young Adults,35.2299995422,-80.8399963379
Charlotte,Charlotte Steel Tip Darters,1348696722000,games,200,Charlotte Darters,35.2900009155,-80.8799972534
Charlotte,Rely On Local Business Campaign,1351139611000,community/environment,182,Localteers,35.1199989319,-80.7600021362
Charlotte,NAKID Social Sports - Charlotte,1351210050000,sports/recreation,2672,NAKIDs,35.2299995422,-80.8399963379
Charlotte,H.A.W.K. (Habitat And Wildlife Keepers),1352231888000,outdoors/adventure,397,HAWK Members,35.1100006104,-80.6900024414
Charlotte,Newbie Charlotte Ladies,1352428003000,socializing,1302,Newbies,35.2299995422,-80.8399963379
Charlotte,Charlotte Aviators Club,1352600526000,outdoors/adventure,89,Aviators,35.2400016785,-80.7300033569
Charlotte,Healthy Starts Here Charlotte,1352838020000,health/wellbeing,1715,Healthy Here-oes,35.1199989319,-80.7600021362
Charlotte,Charlotte Vegan & Vegetarian Social Club,1353710397000,health/wellbeing,1152,Members,35.2099990845,-80.8300018311
Charlotte,Hornets Nest Park - Tennis Meetup Group,1353965657000,sports/recreation,912,Tennis Players,35.1100006104,-80.8099975586
Charlotte,Charlotte Yoga & Meditation Group,1354244617000,health/wellbeing,764,Yoga & Meditation Buffs !!,35.0600013733,-80.8099975586
Charlotte,Golf for One,1355097215000,sports/recreation,60,Golfers,35.1300010681,-80.8600006104
Charlotte,Charlotte Social Anxiety/Phobia Support,1355362216000,support,524,Members,35.1699981689,-80.8499984741
Charlotte,Charlotte Hip Hop Society,1356115838000,music,1412,Headz,35.2099990845,-80.8300018311
Charlotte,Business Builders: Charlotte and Beyond!,1357851434000,career/business,566,Business Builders,35.25,-80.8199996948
Charlotte,Charlotte Loves Music!,1357960945000,music,3518,Music Lovers!,35.2299995422,-80.8399963379
Charlotte,J Parker Network,1358023204000,career/business,762,REConnectors,35.3199996948,-80.7399978638
Charlotte,Charlotte Filmmakers Network,1358174210000,movies/film,646,Filmmakers,35.3199996948,-80.7399978638
Charlotte,Mothers over 35 of South Charlotte,1358627987000,parents/family,87,Mature Mommas,35.0600013733,-80.8099975586
Charlotte,Network After Work - Charlotte Networking Events,1358738909000,career/business,3008,Busines Networkers,35.2299995422,-80.8399963379
Charlotte,Yoga for Plus Sizes,1359096133000,health/wellbeing,2132,Curvy Yogis,35.1899986267,-80.8300018311
Charlotte,Classic Black Cinema Series,1359452615000,movies/film,142,Members,35.3100013733,-80.8099975586
Charlotte,Networking In Charlotte,1359918355000,tech,478,Networkers,35.0600013733,-80.8099975586
Charlotte,AWS Charlotte User Group,1360771489000,tech,385,Cloudheads,35.1899986267,-80.8300018311
Charlotte,Eckhart Tolle Group of Charlotte,1361140848000,new age/spirituality,394,Members,35.1699981689,-80.8499984741
Charlotte,Charlotte Unity Game Developers,1362025202000,tech,672,Members,35.2299995422,-80.8399963379
Charlotte,Charlotte Salesforce Developer Group,1362436948000,tech,366,Developers,35.2299995422,-80.8399963379
Charlotte,Get Up & Get Out Experience Charlotte,1364072344000,singles,3195,Active Charlotteans,35.1199989319,-80.7600021362
Charlotte,Women's Walking Club,1364176657000,outdoors/adventure,27,Walkers,35.1399993896,-80.9400024414
Charlotte,Hackerspace Charlotte,1364950305000,tech,1171,Hackers,35.2200012207,-80.7900009155
Charlotte,Carolina Business Network,1365001989000,career/business,38,Business Professionals,35.1199989319,-80.7200012207
Charlotte,Bitcoin Charlotte,1365262091000,tech,1012,Bitcoiners,35.2299995422,-80.8399963379
Charlotte,IEEE Charlotte Section,1365464615000,tech,415,Members,35.2299995422,-80.8399963379
Charlotte,Hackathon Charlotte,1365909397000,tech,188,Hackers,35.2099990845,-80.8600006104
Charlotte,Singles Ready to Mingle,1366246893000,singles,2913,Minglers,35.2900009155,-80.8799972534
Charlotte,Travel: The Perfect Freedom -  travelers from NC  SC  and GA,1367281158000,outdoors/adventure,583,Globetrotters,35.1199989319,-80.7600021362
Charlotte,Charlotte A Cappella Show Chorus,1367407681000,music,81,Singers,35.2299995422,-80.8399963379
Charlotte,A Perfect Swing Golf Group,1367456139000,sports/recreation,383,Golf Lovers,35.1399993896,-80.9400024414
Charlotte,Metro Charlotte Gay Men's Cycling Group,1368042450000,outdoors/adventure,61,Members,35.1100006104,-80.8099975586
Charlotte,Charlotte Execs  Career Professionals & Pro Athletes!,1369726867000,career/business,123,Members,35.1300010681,-80.8600006104
Charlotte,Charlotte  NC Chapter of the Public Speakers Association,1369862810000,education/learning,538,Fabulous Speakers,35.2900009155,-80.8799972534
Charlotte,Charlotte Photoshop Studio,1371936515000,photography,277,Photoshoppers,35.1199989319,-80.7600021362
Charlotte,Queen City Photography Group,1372095978000,photography,919,Members,35.1100006104,-80.8099975586
Charlotte,Corporate Recruiters of Charlotte (CRoC's),1372705493000,career/business,260,CRoCs,35.0600013733,-80.8099975586
Charlotte,Marketing + Creative:  Presented by CAMA,1373981291000,career/business,284,Marketers,35.1300010681,-80.8600006104
Charlotte,Charlotte Meditation,1374846678000,health/wellbeing,2035,Spiritual Friends,35.2000007629,-80.8300018311
Charlotte,Ballantyne Lunch Toastmasters-Distinguished Speaking Club,1375125377000,education/learning,502,Toastmasters,35.0600013733,-80.8099975586
Charlotte,Charlotte Speed Networking for Investors,1375160577000,career/business,93,Members,35.0600013733,-80.8099975586
Charlotte,The Mortal Twilight Games Book Club,1375486695000,book clubs,22,Book Lovers,35.0600013733,-80.8099975586
Charlotte,Great Business Networking- Charlotte,1376576376000,career/business,936,GBNers,35.0699996948,-80.8099975586
Charlotte,Queen City Ravens,1376860132000,sports/recreation,166,BSHU Alumni,35.2299995422,-80.8399963379
Charlotte,Charlotte Health and Wellness,1377140977000,fitness,2381,Members,35.3199996948,-80.7399978638
Charlotte,Greenpeace Charlotte,1377631580000,community/environment,117,Activists,35.2200012207,-80.7900009155
Charlotte,NONE OF MY GIRLFRIENDS LIVE IN CHARLOTTE  NC!,1378253234000,socializing,167,GIRLFRIENDS,35.2299995422,-80.8399963379
Charlotte,Modern Dads of Charlotte,1378493696000,parents/family,164,Modern Dads,35.0600013733,-80.8099975586
Charlotte,1200 E. Morehead Figure Drawing Charlotte,1379199628000,fine arts/culture,165,Artists,35.2099990845,-80.8300018311
Charlotte,ManKind Project,1379604001000,health/wellbeing,38,Men,35.1100006104,-80.8099975586
Charlotte,A Twenty-Something Book Club,1380857431000,book clubs,866,Bookies,35.1699981689,-80.8499984741
Charlotte,Charlotte Newbies,1380993765000,socializing,2433,Newbies,35.1699981689,-80.8499984741
Charlotte,Ballantyne Toastmasters Evening Chapter,1381455547000,education/learning,235,Toastmasters,35.0600013733,-80.8099975586
Charlotte,Saturday Morning Toastmasters Club,1381763862000,education/learning,34,Toastmasters,35.2299995422,-80.8399963379
Charlotte,QA Testers of Charlotte,1381927417000,tech,361,Testing Enthusiasts,35.2299995422,-80.8399963379
Charlotte,Goombay-Charlotte (SOCIAL  ADVENTURES  & SPORTS),1382650101000,outdoors/adventure,2073,Adventurers,35.2700004578,-80.9599990845
Charlotte,Code For Charlotte,1383233568000,tech,957,Citizens,35.2200012207,-80.7900009155
Charlotte,Charlotte Execs' Professionals Singles Mingle!,1383401054000,singles,280,Single Minglers!,35.3199996948,-80.7399978638
Charlotte,Meteor Charlotte,1383674177000,tech,283,Meteorites,35.1699981689,-80.7900009155
Charlotte,Catawba Sport Fishing,1384031599000,sports/recreation,75,Sport Anglers,35.1300010681,-80.8600006104
Charlotte,Charlotte Scrabble Club,1384665456000,games,12,Scrabblers,35.0600013733,-80.8099975586
Charlotte,witches meetup,1384739505000,new age/spirituality,127,witches and magic casters,35.0600013733,-80.8099975586
Charlotte,"Meditate with the Monk" Buddhism in Charlotte,1385509268000,health/wellbeing,1202,Meditation friends,35.2200012207,-80.7900009155
Charlotte,Queen City Stitch and Bitch,1386732748000,hobbies/crafts,460,Crafters,35.1100006104,-80.8099975586
Charlotte,Success at South Park - BNI,1386735571000,career/business,94,Members,35.1899986267,-80.8300018311
Charlotte,Charlotte R Users Group,1387253271000,tech,653,R Programmers,35.2299995422,-80.8399963379
Charlotte,Wisdom of the Ancients,1388416217000,education/learning,207,Members,35.1899986267,-80.7200012207
Charlotte,Moxie Society,1388432381000,socializing,74,Members,35.1899986267,-80.8300018311
Charlotte,Design for Good Charlotte,1388437066000,community/environment,105,Members,35.1899986267,-80.8300018311
Charlotte,Hobby Millionaire Real Estate Investor Academy,1388602092000,career/business,2204,Investors  students  agents,35.0600013733,-80.8099975586
Charlotte,Buzz City Rubies Rising: Girls on the Go!,1389025545000,socializing,1283,Rubies,35.2200012207,-80.7900009155
Charlotte,Awesome Random Adventures: Charlotte's 20s & 30s Social Club,1389132285000,socializing,9200,Social Members,35.2299995422,-80.8399963379
Charlotte,GetHiking! Charlotte,1389137266000,outdoors/adventure,2638,Hikers,35.1699981689,-80.8499984741
Charlotte,Charlotte Indian Professionals Meetup,1389897826000,language/ethnic identity,603,Indian Professionals,35.1100006104,-80.8099975586
Charlotte,Guerilla Poets "FREE THE MIC!",1389978943000,writing,2389,Supporters of the Arts,35.1699981689,-80.8499984741
Charlotte,Tailwind Tandem Club of the Carolinas,1390414020000,outdoors/adventure,50,Teams,35.1199989319,-80.7600021362
Charlotte,Charlotte Introverts Meetup,1390502617000,socializing,551,Introverts,35.0600013733,-80.8099975586
Charlotte,Wine Social Book Club,1390581579000,book clubs,50,social book readers,35.1300010681,-80.8600006104
Charlotte,Logical Advantage Charlotte Tech Talks,1391034430000,tech,427,Software Developers,35.1500015259,-80.9300003052
Charlotte,Startup Grind Charlotte,1391229844000,career/business,1863,Entrepreneurs,35.2299995422,-80.8399963379
Charlotte,A Widow's Walk - Support Group for Widows & Widowers,1391451154000,support,217,Widows & Widowers,35.1100006104,-80.6900024414
Charlotte,Charlotte Drinking Liberally,1391742761000,movements/politics,237,DL'ers,35.2200012207,-80.7900009155
Charlotte,Charlotte Ladies Social,1392048365000,socializing,543,Charlotte Ladies,35.2299995422,-80.8399963379
Charlotte,Charlotte Consciousness Hackers,1392247771000,tech,13,Members,35.1199989319,-80.7600021362
Charlotte,Charlotte Ladies After Work and Weekend Meetup,1392674436000,socializing,1402,Ladies of Charlotte,35.2299995422,-80.8399963379
Charlotte,EWE Rock,1393103742000,career/business,43,Members,35.0800018311,-80.8899993896
Charlotte,Add Your Energy Global Collective,1393174938000,new age/spirituality,79,Global AYE Participants,35.1100006104,-80.8099975586
Charlotte,Around the world in eighty Countries,1393390510000,food/drink,108,Phileas Fogg Travel Companions,35.1100006104,-80.8099975586
Charlotte,Running for Brews Charlotte - 5k Beer Running Club,1394135659000,fitness,617,Brews Runners,35.1699981689,-80.8499984741
Charlotte,Performance Great Ride Series: Charlotte,1394216612000,outdoors/adventure,480,Bicycle enthusiasts,35.1699981689,-80.8499984741
Charlotte,Matthews Comic Book/ Manga Art Classes Every Saturday Meetup,1394303086000,sci-fi/fantasy,373,Comic/Manga fans and Cartoonists,35.1100006104,-80.6900024414
Charlotte,Home Buyers & Renters Circle,1395108065000,career/business,206,HBRC Members,35.3199996948,-80.7399978638
Charlotte,Carolina Preppers Network,1395602242000,community/environment,931,Preppers,35.2299995422,-80.8399963379
Charlotte,Carolina Women In Technology,1396882461000,career/business,196,Fabulous Technology Women!,35.0600013733,-80.8099975586
Charlotte,Carolina Masterminds,1397751661000,career/business,807,Masterminders,35.1300010681,-80.8600006104
Charlotte,Educators encouraging educators,1397795449000,support,1,Encouragers,35.2400016785,-80.7300033569
Charlotte,The Good Old Girl Network - Charlotte,1398125518000,career/business,57,Good Old Girls,35.2200012207,-80.7900009155
Charlotte,Girl Develop It Charlotte,1399051872000,tech,1121,Nerdettes,35.2299995422,-80.8399963379
Charlotte,Ballantyne Photography Club,1399560098000,photography,589,Aspiring photographers,35.0600013733,-80.8099975586
Charlotte,Successful Singles,1399560465000,singles,2086,successful singles,35.0600013733,-80.8099975586
Charlotte,North Carolina Actuarial Club,1400095093000,career/business,190,Actuaries and Actuarial Students,35.1899986267,-80.8300018311
Charlotte,Charlotte Freethinking Atheists,1400208673000,religion/beliefs,319,Freethinkers,35.1699981689,-80.7900009155
Charlotte,The Charlotte Nerdy Couples Meetup,1400284621000,socializing,1210,Nerds Dating Nerds,35.2299995422,-80.8399963379
Charlotte,Charlotte Integrative Health Community,1400674075000,new age/spirituality,997,Communitarians,35.2000007629,-80.8300018311
Charlotte,Go Charlotte,1401239556000,tech,57,gophers,35.0600013733,-80.8099975586
Charlotte,Tech Talent South - Charlotte,1401837998000,tech,3282,Members,35.2299995422,-80.8399963379
Charlotte,Cosmic Empowerment,1401911059000,paranormal,581,truth seekers,35.2299995422,-80.8399963379
Charlotte,NC Legal Hackers,1402227687000,tech,393,Members,35.2200012207,-80.7900009155
Charlotte,Charlotte Atheists & Agnostics,1402590598000,religion/beliefs,1733,Members,35.2299995422,-80.8399963379
Charlotte,B-social - Bicycles  Arts  Food  & Entertainment,1402951158000,socializing,141,Cyclists,35.2299995422,-80.8399963379
Charlotte,Piedmont Visuals and Photography,1403493002000,photography,874,artists  photographers  models,35.1899986267,-80.8300018311
Charlotte,Black Chicks Travel,1403828026000,outdoors/adventure,1722,Travelers,35.1899986267,-80.8300018311
Charlotte,Discovering Your Inner Royalty Women's Empowerment Charlotte,1404582484000,new age/spirituality,50,Team Royalty Members,35.1500015259,-80.9300003052
Charlotte,Piedmont Riders,1405689952000,cars/motorcycles,23,Piedmont Riders,35.2900009155,-80.8799972534
Charlotte,Charlotte Japanese Language & Culture Meetup,1405874447000,language/ethnic identity,382,Japanese Cultural Enthusiasts,35.2099990845,-80.8300018311
Charlotte,O'Hara's Night Club - Live Music / Dancing Venue / DJ,1406341077000,dancing,85,Shaggers Dancers,35.1500015259,-80.9300003052
Charlotte,Tiny Homes Together,1407076911000,career/business,236,Tiny Home Lovers,35.2299995422,-80.8399963379
Charlotte,Queen City Business Network,1407175836000,career/business,852,Business Associates,35.1399993896,-80.9400024414
Charlotte,The Magellan Society-YPs of the World Affairs Council of CLT,1407178228000,socializing,563,Magellans,35.2299995422,-80.8399963379
Charlotte,Bored Charlotte,1407274697000,socializing,200,Agents of Fun,35.2700004578,-80.9599990845
Charlotte,GeekMeet Charlotte,1407811869000,tech,433,Geeks,35.2299995422,-80.8399963379
Charlotte,Steele Creek Animal Hospital,1409066189000,pets/animals,160,Animal Lovers,35.1399993896,-80.9400024414
Charlotte,Exploring Humanism,1409538181000,religion/beliefs,570,Humanists,35.1699981689,-80.7900009155
Charlotte,Charlotte Microsoft Azure,1410016328000,tech,1116,CloudChamps,35.1100006104,-80.8099975586
Charlotte,Charlotte Reiki & Empowered Living,1410111666000,health/wellbeing,606,Energetic Beings,35.3199996948,-80.7399978638
Charlotte,Charlotte Informatica User Group,1410206114000,tech,134,Informatica Users,35.2299995422,-80.8399963379
Charlotte,Sunday Assembly Charlotte,1411348984000,religion/beliefs,167,Friends & Neighbors,35.2200012207,-80.7900009155
Charlotte,Charlotte Internet of Things,1411580271000,tech,1210,Hackers,35.1500015259,-80.9300003052
Charlotte,EDM <3  Electronic Dance Music  -  Eat  Sleep  Feel  Repeat!,1411842562000,socializing,258,EDM<3Feels EatSleepRaveRepeaters,35.2299995422,-80.8399963379
Charlotte,Ballantyne Business Klub for Small Business Networking,1411975674000,career/business,127,Entrepreneurs,35.0600013733,-80.8099975586
Charlotte,Introverted Girlfriends CSC (Charlotte & Surrounding Cities),1412124203000,socializing,148,Members,35.2299995422,-80.8399963379
Charlotte,Paint Craze Charlotte,1412352271000,socializing,4457,Painters,35.1699981689,-80.8499984741
Charlotte,EPIC Adventures and Exploration In The Carolinas,1412470795000,socializing,2455,Friends,35.1500015259,-80.9300003052
Charlotte,Charlotte Women in TECH,1412825090000,career/business,569,WomenInTech,35.2299995422,-80.8399963379
Charlotte,Body Upgrade Boot Camp,1412958165000,fitness,1537,boot campers,35.1899986267,-80.7200012207
Charlotte,Charlotte Furs,1413157624000,alternative lifestyle,306,Furs,35.1399993896,-80.9400024414
Charlotte,Encouraging and Inspiring Educators,1413430382000,education/learning,66,Encouragers,35.2400016785,-80.7300033569
Charlotte,English Premier League Fans,1413480768000,sports/recreation,249,Football Fans,35.1300010681,-80.8600006104
Charlotte,Advent Coworking Community,1414030431000,career/business,603,Members,35.2200012207,-80.7900009155
Charlotte,N'rich The Soul Empowerment Women's Group,1414030474000,new age/spirituality,90,Like-minded Women,35.1300010681,-80.8600006104
Charlotte,Charlotte Startup Founder 101,1414439677000,tech,2172,Aspiring Founders,35.2299995422,-80.8399963379
Charlotte,Inner Peaks Rock Climbing Meetup,1414598324000,fitness,1243,Climbers,35.1199989319,-80.7600021362
Charlotte,Charlotte Metropolitan Supper Club,1415193231000,career/business,580,Members,35.2299995422,-80.8399963379
Charlotte,Charlotte Elixir Meetup,1415401660000,tech,133,Elixir Programmers,35.2200012207,-80.7900009155
Charlotte,Unforgettable New Friendships: Unique Nights Out & In with..,1415481375000,socializing,1312,Great Movie Game & Potluck Pals!,35.2299995422,-80.8399963379
Charlotte,ðŸŒŸAdventureðŸš¤Explorers: Any & AllðŸŒ»OUTDOORS+ðŸºSocialðŸ¸Events,1415483315000,outdoors/adventure,1455,Adventure Explorers,35.2299995422,-80.8399963379
Charlotte,Charlotte Agilists,1415636797000,tech,85,Charlotte Agilists,35.1699981689,-80.8499984741
Charlotte,South Park Business Klub 2017,1415849327000,career/business,78,Klub Members,35.1300010681,-80.8600006104
Charlotte,1 Million Cups Charlotte,1415889645000,career/business,873,Business Rockstars,35.1399993896,-80.9400024414
Charlotte,Charlotte Live R&B  Meetup,1416072808000,music,4471,Music Lovers,35.2099990845,-80.8600006104
Charlotte,Charlotte Black CyberSecurity Professionals,1416169327000,tech,2,security professionals,35.1100006104,-80.8099975586
Charlotte,Charlotte REAL Success Meetup,1416256427000,health/wellbeing,23,Real successes,35.0600013733,-80.8099975586
Charlotte,Ayrsley Business Klub for Small Business Networking,1416366141000,career/business,24,Entrepreneurs,35.1399993896,-80.9400024414
Charlotte,Heist Brewery Run Club - Social Run,1417229245000,fitness,1498,Brew Runners,35.2200012207,-80.7900009155
Charlotte,Sycamore Brewing Run Club,1417665244000,food/drink,1784,Syca-Runners,35.2099990845,-80.8600006104
Charlotte,Socialflockers Charlotte & Lake Norman,1418134781000,socializing,842,Socialflockers,35.0600013733,-80.8099975586
Charlotte,Healing Martial Arts - Tai Chi  Qigong  and Medita,1418138457000,health/wellbeing,162,Healing Artists & Meditators,35.1100006104,-80.6900024414
Charlotte,Charlotte Music Production Meetup,1418306305000,music,218,Music Producers,35.2900009155,-80.8799972534
Charlotte,Charlotte Co-Ed Golf Group,1418606189000,sports/recreation,83,Golfers,35.2099990845,-80.8300018311
Charlotte,Lenny Boy Brewing Run Club,1418849901000,fitness,525,LB Runners,35.2099990845,-80.8600006104
Charlotte,Skeptical Charlotte And Mecklenburg,1419100815000,education/learning,257,Skeptics,35.1199989319,-80.7600021362
Charlotte,Enterprise Developers Guild,1420343914000,tech,1882,Members,35.2299995422,-80.8399963379
Charlotte,Street Smart NC,1420504412000,health/wellbeing,29,Members,35.2099990845,-80.8600006104
Charlotte,Charlotte Drone Meetup,1420652033000,hobbies/crafts,458,Pilots,35.2200012207,-80.7900009155
Charlotte,(M.A.D) Mobile App Developers/Entreprenuers  Charlotte,1420655683000,tech,183,Enthusiasts,35.2299995422,-80.8399963379
Charlotte,Rumbao Charlotte Salsa  Cha Cha & Bachata Dance Meetup,1420766195000,dancing,1428,Salsa Dancers,35.2900009155,-80.7799987793
Charlotte,Coworking at Cafes,1421086075000,career/business,322,Coworkers,35.2099990845,-80.8300018311
Charlotte,Makerspace Charlotte,1421164792000,tech,1446,Makers,35.1899986267,-80.8300018311
Charlotte,NY Giants Big Blue of the Carolinas,1421499116000,sports/recreation,372,G Fam (Giants Family),35.1899986267,-80.8300018311
Charlotte,Suuz Moves with EssentricsÂ®  QiGong  Tai Chi  Yoga  Trager,1421543207000,health/wellbeing,248,Members,35.1899986267,-80.8300018311
Charlotte,Charlotte Mens A Cappella Meetup,1421682463000,music,119,Singers,35.1699981689,-80.7900009155
Charlotte,Widows For Friendship And Support,1421795920000,support,54,Ladies,35.0600013733,-80.8099975586
Charlotte,Carolinas Muslim Professionals,1422049557000,language/ethnic identity,111,Very fun People,35.1899986267,-80.8300018311
Charlotte,Charlotte African Dance Meetup,1422220384000,dancing,1241,Dancers,35.2400016785,-80.7300033569
Charlotte,Charlotte Raleigh NC IRA 401K Real Estate Investing Not Reia,1422596103000,career/business,399,Real Estate Investors,35.1100006104,-80.8099975586
Charlotte,Rueda de Soul's Latin Dance/Music/Salsa Meetup of Charlotte,1422761888000,dancing,515,Dancers,35.0600013733,-80.8099975586
Charlotte,Stateline Riders,1422892789000,cars/motorcycles,256,Riders,35.0600013733,-80.8099975586
Charlotte,Data Science  Machine Learning and Artificial Intelligence,1422895238000,tech,730,data wizards,35.0600013733,-80.8099975586
Charlotte,Laugh4Wellness,1423189575000,health/wellbeing,660,LaugHaholics,35.1699981689,-80.8499984741
Charlotte,Charlotte Indian IT Professionals Meetup,1423243753000,tech,215,Desis in IT (DIT),35.0600013733,-80.8099975586
Charlotte,Widows of Charlotte - Black Women Widows Empowered,1423865351000,language/ethnic identity,23,Charlotte BWWMF Villagers,35.3100013733,-80.8099975586
Charlotte,City Art Room,1424670850000,socializing,1635,Social Artists,35.2400016785,-80.9100036621
Charlotte,The Clique Travel and Social Allianceâ„  Charlotte,1424741934000,outdoors/adventure,121,Travelistas / Socialites,35.2299995422,-80.8399963379
Charlotte,Charlotte Big Data and Analytics Meetup,1424804530000,tech,328,Charlotte IBM Member,35.3199996948,-80.7399978638
Charlotte,Charlotte New Culture Meetup,1424881626000,health/wellbeing,441,Members,35.2000007629,-80.8300018311
Charlotte,Charlotte Inventor User Group,1424883084000,tech,107,Members,35.1500015259,-80.9300003052
Charlotte,Ansible Charlotte,1425450488000,tech,102,Ansiblers,35.2299995422,-80.8399963379
Charlotte,SheClimbs Charlotte,1425688741000,outdoors/adventure,536,SheClimbers,35.2299995422,-80.8399963379
Charlotte,A Radiant Light for Body  Mind & Spirit,1425753052000,new age/spirituality,547,Radiant Lights,35.3199996948,-80.7399978638
Charlotte,Charlotte Real Estate Investing & Marketing Entrepreneurs,1425963642000,career/business,1141,Smart Investors,35.1500015259,-80.9300003052
Charlotte,Professional Medical Happy Hour Meetup Group,1426006907000,socializing,759,Medical Professionals,35.2099990845,-80.8300018311
Charlotte,Couples Connect Meetup South,1426460221000,LGBT,54,Members,35.0600013733,-80.8099975586
Charlotte,Charlotte Beach & Mountain Buddies,1426509243000,outdoors/adventure,1157,Beach Buddies,35.2299995422,-80.8399963379
Charlotte,DevOps Charlotte,1426862429000,tech,193,Members,35.1899986267,-80.8300018311
Charlotte,Charlotte Mecklenburg Library Meetup,1427380680000,book clubs,1626,Members,35.1899986267,-80.8300018311
Charlotte,Charlotte Software Engineering Meetup,1427470335000,tech,445,Members,35.1199989319,-80.7600021362
Charlotte,Women Entrepreneurs of Charlotte,1427947057000,career/business,936,Members,35.1899986267,-80.8300018311
Charlotte,Charlotte Metro REIA,1428355359000,career/business,1379,Real Estate Pros,35.1899986267,-80.8300018311
Charlotte,QUEEN CITY CURVES,1428549105000,singles,193,QC Curves,35.2900009155,-80.8799972534
Charlotte,SENIOR MOMENTS,1428990300000,socializing,216,Moment-Makers,35.1100006104,-80.6900024414
Charlotte,NC Yoga Bar,1429030855000,fitness,2875,NC Yoga Bar Yogis,35.1300010681,-80.8600006104
Charlotte,Highland Creek Moms with Babies under 5,1429035581000,parents/family,22,Mamas,35.3100013733,-80.8099975586
Charlotte,Charlotte Coalition of Reason,1429153190000,education/learning,279,Reasoners,35.1899986267,-80.8300018311
Charlotte,Business Links BNI,1429194833000,career/business,297,Member,35.1699981689,-80.7900009155
Charlotte,Charlotte Real Estate Investing And Wholesaling Meetup,1429213569000,career/business,1500,TRIBE,35.2400016785,-80.7300033569
Charlotte,Self Expression of Charlotte,1429475812000,fine arts/culture,361,Rising Stars,35.1899986267,-80.8300018311
Charlotte,Charlotte Office 365 Users Group,1429630014000,tech,615,Members,35.1899986267,-80.8300018311
Charlotte,Love Your Life Workshop for Teens,1430340729000,parents/family,28,Members,35.1100006104,-80.8099975586
Charlotte,Charlotte Pool Shootin' Fun Meetup,1430451950000,socializing,339,Pool Shooters,35.1399993896,-80.9400024414
Charlotte,Charlotte Christian Young Adults: 20s & 30s Meetup Group,1430467224000,religion/beliefs,1311,Christian Young Adults,35.2299995422,-80.8399963379
Charlotte,BNI SouthPark Producers,1430754090000,career/business,115,Referral Partners,35.1899986267,-80.8300018311
Charlotte,Success Is An Idea,1430836378000,career/business,1788,GRIT,35.2299995422,-80.8399963379
Charlotte,Charlotte ADD/ADHD ASPERGERS/AUTISM FAMILY SUPPORT Meetup,1431007909000,support,240,Parents,35.1100006104,-80.8099975586
Charlotte,Charlotte Rock Climbing Meetup,1431172659000,outdoors/adventure,196,Senders,35.1899986267,-80.8300018311
Charlotte,Charlotte Photography Meetup! Inspiring Artists!,1431185125000,photography,1093,Members,35.1500015259,-80.9300003052
Charlotte,Free Wheelin' Fridays - The Charlotte NC Bike Commute,1431375629000,sports/recreation,144,Bike Commuters,35.2299995422,-80.8399963379
Charlotte,Young Nigerian Professionals Meetup CLT,1431402417000,socializing,156,YNP's,35.3199996948,-80.7399978638
Charlotte,Charlotte Area Animals Meetup,1431592734000,pets/animals,136,AAL Volunteers,35.3199996948,-80.7399978638
Charlotte,Charlotte Professional Gay Men's Social Group,1431784751000,LGBT,63,Professionals,35.2200012207,-80.7900009155
Charlotte,Cornaholics,1432302716000,career/business,167,Cornaholics,35.1199989319,-80.7600021362
Charlotte,Docker Charlotte,1432334315000,tech,466,Dockers,35.1899986267,-80.8300018311
Charlotte,!Dining with the Girls!,1432413521000,food/drink,821,Girls,35.2299995422,-80.8399963379
Charlotte,edX Charlotte Community,1432754540000,education/learning,37,edXplorers,35.1899986267,-80.8300018311
Charlotte,Spanish Conversation ~ So CLT Area ~ Usually 8-12+ Attendees,1433707004000,language/ethnic identity,46,Los Miembros,35.1399993896,-80.9400024414
Charlotte,Charlotte Kiz-Salsa ( Kizomba & Salsa Dance Meet-u,1433890799000,dancing,787,Kizsalsadees,35.2900009155,-80.7799987793
Charlotte,Charlotte Forum - Tips for Getting Top Dollar for your Home,1433977798000,career/business,55,Home Sellers  Investors,35.1899986267,-80.8300018311
Charlotte,QC Dinner Group,1434025450000,food/drink,32,Members,35.1699981689,-80.8499984741
Charlotte,Charlotte Podcast Group,1434036210000,tech,440,Podcasters,35.2099990845,-80.8300018311
Charlotte,Play Nine and a Beer - Charlotte,1434499913000,sports/recreation,305,Members,35.1899986267,-80.8300018311
Charlotte,Kontenders Entertainment ( Texas Holdem Events) Charlotte,1434844146000,games,441,Kontenders Entertainment,35.1100006104,-80.8099975586
Charlotte,Expressive Arts and Juicy Art & Soul (Charlotte  NC),1434922061000,health/wellbeing,757,Soulful Hearts  Creative Spirits,35.1199989319,-80.7600021362
Charlotte,RyzAb0ve Fit Club,1435090819000,fitness,937,Fit Clubbers,35.2700004578,-80.9599990845
Charlotte,The Charlotte Reel Deal,1435098337000,movies/film,215,Reelers & Dealers,35.1699981689,-80.8499984741
Charlotte,LGBT of Charlotte!!,1435456675000,LGBT,1742,lesbian/bi/gay/transgender,35.1899986267,-80.8300018311
Charlotte,Charlotte German Shepherd Owners,1435473388000,pets/animals,50,GSD Owners,35.1899986267,-80.8300018311
Charlotte,The Iron Yard - Charlotte,1436019342000,tech,2113,Members,35.2299995422,-80.8399963379
Charlotte,Unite Charlotte Meditation,1436276436000,health/wellbeing,622,Mindful Members,35.2099990845,-80.8300018311
Charlotte,Cat Rescue Meetup,1436461733000,pets/animals,2,Members,35.3100013733,-80.8099975586
Charlotte,Thursday Night Live Social,1436675296000,socializing,124,Members,35.1100006104,-80.8099975586
Charlotte,Sangamithra Foundation - non profit organization,1436809821000,community/environment,37,Sangamithra foundation members,35.1300010681,-80.8600006104
Charlotte,Habitat for Humanity Young Professionals - Charlotte,1436835081000,career/business,1256,Young Professionals,35.2299995422,-80.8399963379
Charlotte,Dynatrace Charlotte User Group,1436895210000,tech,60,Members,35.1899986267,-80.8300018311
Charlotte,Sisterhood of the Traveling Scissors Crop,1437846932000,hobbies/crafts,384,Members,35.1100006104,-80.6900024414
Charlotte,Charlotte Heartfulness Meditation,1438457887000,health/wellbeing,193,Members,35.0600013733,-80.8099975586
Charlotte,Meet. Share. Connect.,1438783809000,career/business,1661,Members,35.1899986267,-80.8300018311
Charlotte,Codecademy Charlotte  NC,1438872835000,tech,397,Members,35.1899986267,-80.8300018311
Charlotte,Speedway Scrappers,1438879421000,hobbies/crafts,142,Scrappy Friends,35.3100013733,-80.8099975586
Charlotte,Charlotte Korean Language and Pop Culture Meetup,1438916257000,language/ethnic identity,122,Korean Culture Fans,35.1899986267,-80.7200012207
Charlotte,Black Nonbelievers of Charlotte,1439048884000,religion/beliefs,221,Nonbelievers,35.3100013733,-80.8099975586
Charlotte,Charlotte Parent Support group for Drug Addiction,1439595492000,support,29,Loved Ones,35.1899986267,-80.8300018311
Charlotte,Uptown Charlotte Neighbors,1439904059000,singles,236,Members,35.2299995422,-80.8399963379
Charlotte,The Charlotte Technical Book Club Meetup,1439999092000,book clubs,58,Book Smarters,35.1399993896,-80.9400024414
Charlotte,Penya Blaugrana Charlotte,1440365307000,sports/recreation,154,Seguidors,35.1899986267,-80.8300018311
Charlotte,Climb Kilimanjaro Info event with Macon Dunnagan,1440413196000,outdoors/adventure,298,kilimanjaro climbers,35.2299995422,-80.8399963379
Charlotte,Exploring Your Body & Emotion's Voice Through Chakras,1440436390000,health/wellbeing,194,Community,35.1199989319,-80.7200012207
Charlotte,South Charlotte Networking,1440522154000,career/business,1909,Friendworkers,35.1899986267,-80.8300018311
Charlotte,Charlotte SaltStack Meetup,1440534495000,tech,52,SaltStackers,35.1899986267,-80.8300018311
Charlotte,Fillmore Flashback Club - Charlotte's Best Tribute Shows,1440605255000,music,1231,Fillmore Flashback Club,35.25,-80.8199996948
Charlotte,Charlotte Puppet User Group,1440626116000,tech,135,Puppeteers,35.1899986267,-80.8300018311
Charlotte,Charlotte Conscious Business Strategy Meetup,1440705313000,career/business,200,Conscious Capitalists,35.2299995422,-80.8399963379
Charlotte,STRIVE Health and Wellness Meetup,1440806764000,health/wellbeing,83,Strivers,35.2299995422,-80.8399963379
Charlotte,20s in Charlotte,1440881356000,socializing,1926,people,35.2299995422,-80.8399963379
Charlotte,LIVE Cize Classes,1441213996000,fitness,581,cize crew,35.1899986267,-80.8300018311
Charlotte,Charlotte Storytellers Weekly Meetup,1441817878000,fine arts/culture,1583,Storytellers,35.2200012207,-80.7900009155
Charlotte,Charlotte New Orleans Saints Meetup,1442157618000,sports/recreation,30,Who Dat,35.2099990845,-80.8300018311
Charlotte,Charlotte Sitecore Meetup,1442253202000,tech,94,Sitecore Enthusiasts,35.1899986267,-80.8300018311
Charlotte,Healthy Lifestyle and Wellness Meetup,1442284787000,health/wellbeing,1021,Wellness Gladiators,35.3100013733,-80.8099975586
Charlotte,Steps to purchasing a home,1442324916000,career/business,153,Home Buyers,35.2200012207,-80.7900009155
Charlotte,Denver Broncos Fans In Charlotte,1442528827000,sports/recreation,151,Members,35.1899986267,-80.8300018311
Charlotte,Pumps & Passportsâ„¢ Charlotte ðŸ‘ ,1442846204000,socializing,315,Empress ðŸ‘  ðŸ‘œ ðŸŒŽ ðŸŒ´,35.1899986267,-80.8300018311
Charlotte,Machine Learning Group (Davidson  Lake Norman  Charlotte),1442966843000,tech,443,Datum-ites,35.2299995422,-80.8399963379
Charlotte,Bullets & Brews,1443277663000,socializing,1130,Members,35.1300010681,-80.8600006104
Charlotte,Charlotte Video Gamers Unite!!,1443541590000,games,859,Gamers,35.0600013733,-80.8099975586
Charlotte,Wine to Water - Charlotte Chapter,1443552829000,community/environment,542,WTW Supporters,35.2299995422,-80.8399963379
Charlotte,CLT Hacking and Infosec Meetup,1443680223000,tech,403,Hackers,35.2099990845,-80.8300018311
Charlotte,JumpStart your business - meetup,1443911706000,career/business,579,JumpStart your business Group!,35.2400016785,-80.7300033569
Charlotte,Charlotte Adobe AEM / CQ5 / Sling / JCR User Group,1444175956000,career/business,18,Members,35.1899986267,-80.8300018311
Charlotte,Charlotte Virtual Reality Meetup,1444259611000,tech,473,Enthusiasts,35.1899986267,-80.8300018311
Charlotte,Charlotte-Metro Innovation Meetup,1444668908000,career/business,3,Agents of Change,35.2299995422,-80.8399963379
Charlotte,PitchBreakfast,1444748329000,career/business,1020,Community Members,35.2700004578,-80.9599990845
Charlotte,NANPA Nature Photography Group of Charlotte,1444765351000,photography,188,Nature Photographers,35.1899986267,-80.8300018311
Charlotte,The 20's & 30's Ladies of Charlotte,1444781114000,socializing,575,Ladies,35.2299995422,-80.8399963379
Charlotte,Innovate Carolina - Charlotte  Greenville (SC)  Raleigh,1445007720000,tech,45,Innovators,35.1699981689,-80.7900009155
Charlotte,Southern Fried DNN,1445200061000,tech,158,Members,35.2200012207,-80.7900009155
Charlotte,Charlotte Dads Group,1445386426000,parents/family,185,Dads,35.1899986267,-80.8300018311
Charlotte,Collaboration of Creative Minds Initiative,1445693237000,fine arts/culture,23,Inspiring Artists,35.1199989319,-80.7200012207
Charlotte,Reactivate Church - North Charlotte,1445701492000,religion/beliefs,108,Activators of Hope,35.3100013733,-80.8099975586
Charlotte,Trails and Tails Community Dog Walk Meetup,1445783880000,pets/animals,2763,Tails and Trailers,35.0600013733,-80.8099975586
Charlotte,Charlotte IAM User Group,1445892744000,tech,142,IAM Professionals,35.1899986267,-80.8300018311
Charlotte,Charlotte Home Buyer's & Renter's Social Club,1445963881000,career/business,491,HomeBuyer's,35.1899986267,-80.8300018311
Charlotte,Charlotte PostgreSQL User Group,1445977805000,tech,70,Members,35.1899986267,-80.8300018311
Charlotte,A Cultivated Mindset's Web Design Society: Charlotte,1446607306000,tech,226,Code Comrades,35.2299995422,-80.8399963379
Charlotte,Kiwanis  SouthPark  dedicated to improving kids lives,1447080977000,community/environment,45,Kiwanians,35.1899986267,-80.8300018311
Charlotte,Printmaking Workshops Meetup in Charlotte,1447190590000,fine arts/culture,94,Printmakers,35.1899986267,-80.8300018311
Charlotte,Fearless Living Group,1447201714000,health/wellbeing,337,Fabulous Fearless Ones,35.2900009155,-80.8799972534
Charlotte,Kubernetes Charlotte,1447711434000,tech,225,Kubernauts,35.1899986267,-80.8300018311
Charlotte,Charlotte LGBT People of Color Professionals,1447799593000,LGBT,94,LGBT Professionals of Color,35.2299995422,-80.8399963379
Charlotte,The Queen City Center for Spiritual Living,1448116191000,new age/spirituality,298,Members,35.1300010681,-80.8600006104
Charlotte,Charlotte Real Estate Deal Maker Sessionsâ„¢,1448148385000,career/business,511,Real Estate Investors,35.1899986267,-80.8300018311
Charlotte,Hike  Eat  Play,1448224130000,outdoors/adventure,409,Fun Players,35.2900009155,-80.8799972534
Charlotte,Charlotte Backpacking Mens Group,1448661048000,outdoors/adventure,429,Overnighter,35.1899986267,-80.8300018311
Charlotte,Real Wives of Charlotte (RWOC),1449113828000,socializing,81,RWOC,35.1699981689,-80.7900009155
Charlotte,Microsoft at SouthPark,1449128509000,games,447,Members,35.1699981689,-80.7900009155
Charlotte,Charlotte Outdoor Adventures Meetup,1449162301000,outdoors/adventure,2032,People,35.3199996948,-80.7399978638
Charlotte,EatWorkPlay CLT,1450141040000,socializing,5336,EWPers,35.1899986267,-80.8300018311
Charlotte,House Cleaning Network,1450147197000,career/business,77,House Cleaners,35.0600013733,-80.8099975586
Charlotte,Charlotte Art and Music Lovers,1450494977000,fine arts/culture,578,Charlotte Art & Music Lovers,35.1300010681,-80.8600006104
Charlotte,Charlotte Wholesaling Houses Mastermind Meetup,1450731058000,career/business,505,Outcast,35.2900009155,-80.7799987793
Charlotte,Sistas Living Life (S.L.L.) - Charlotte  NC,1451671336000,socializing,64,Sistas,35.2299995422,-80.8399963379
Charlotte,Fearless Vixens of Charlotte,1451965190000,health/wellbeing,853,Vixens,35.1899986267,-80.8300018311
Charlotte,Lake Norman Natural Moms,1452004997000,parents/family,143,Crunchy moms,35.2900009155,-80.8799972534
Charlotte,Charlotte Widows and Widowers Meetup,1452107452000,support,106,Widows/Widowers,35.1899986267,-80.8300018311
Charlotte,Charlotte Connector Networking For Entrepreneurs,1452195916000,career/business,1155,Charlotte Connectors,35.3199996948,-80.7399978638
Charlotte,Charlotte Connectors Young Entrepreneurs,1452198053000,career/business,888,Charlotte Connectors,35.3199996948,-80.7399978638
Charlotte,CPWF- Charlotte Professional Wrestling Fans,1452374842000,sports/recreation,46,CPWFers,35.1300010681,-80.8600006104
Charlotte,French conversations by a French native lady,1452530398000,language/ethnic identity,49,French language lovers,35.1199989319,-80.7600021362
Charlotte,Businesses Growing Businesses Waxhaw,1452623425000,career/business,34,Entrepreneurs,35.1699981689,-80.7900009155
Charlotte,The British Ladies of South Charlotte,1452625021000,socializing,35,British Ladies,35.1699981689,-80.7900009155
Charlotte,Charlotte Fitness Meetup,1452699827000,fitness,1152,Healthyliving,35.1899986267,-80.8300018311
Charlotte,Adult Sports and Socials,1453135717000,sports/recreation,2934,MARS explorers,35.1899986267,-80.8300018311
Charlotte,Charlotte Design,1453571984000,tech,540,Designers,35.0600013733,-80.8099975586
Charlotte,Autistics Teens United  With family Charlotte N C Chapter,1453583265000,parents/family,25,Parent of autistic teens,35.1899986267,-80.8300018311
Charlotte,UNCOMMEN,1453646883000,health/wellbeing,94,UNCOMMEN,35.2299995422,-80.8399963379
Charlotte,Prosperity Village Runners,1453658604000,fitness,153,Prosperity Village Runners,35.3100013733,-80.8099975586
Charlotte,Out Door yoga at US National White Water Center.4/2/16 sat,1453724439000,outdoors/adventure,49,Jenny's yoga,35.3100013733,-80.8099975586
Charlotte,Open Co-Ed Adult Kickball Practice,1454090476000,fitness,781,Interested Kickball Players,35.1899986267,-80.8300018311
Charlotte,Golang Charlotte Meetup,1454258812000,tech,285,Gophers,35.1899986267,-80.8300018311
Charlotte,Sahaja Yoga Free Meditation - Charlotte  NC,1454430217000,health/wellbeing,639,Sahaja Yogis,35.1899986267,-80.8300018311
Charlotte,DoneJS - Charlotte,1454440158000,tech,48,Doers,35.1199989319,-80.7600021362
Charlotte,South Charlotte 20s and 30s Reserved/Quiet Girls Meetup,1454556881000,socializing,618,Members,35.0600013733,-80.8099975586
Charlotte,Matthews/Mint Hill Papercrafting/Rubber Stamping Classes,1454561317000,hobbies/crafts,47,Stampers,35.1199989319,-80.7200012207
Charlotte,ALL THINGS SPIRITUAL WORKSHOP,1454622932000,new age/spirituality,399,Spiritual Warriors,35.1100006104,-80.6900024414
Charlotte,Charlotte Digital Marketing 101,1454637834000,education/learning,385,Digital Assassins,35.1699981689,-80.8499984741
Charlotte,CrownTown Flutter Events,1454699849000,singles,64,Members,35.2700004578,-80.9599990845
Charlotte,Practical Philosophy: Better living through idea exchange,1454780248000,education/learning,320,Practical Philosophers,35.0600013733,-80.8099975586
Charlotte,Inner Engineering Charlotte (Isha Yoga & Meditation Classes),1454789052000,health/wellbeing,1191,Meditators,35.1899986267,-80.8300018311
Charlotte,The Trillion Dollar Investment Mixer,1454957435000,career/business,186,Investors,35.1899986267,-80.8300018311
Charlotte,Paper Crafters Muse Craft Meetup,1454980844000,hobbies/crafts,291,Crafter  Scrapbooker  Card Maker,35.2400016785,-80.7300033569
Charlotte,Charlotte NodeJS User Group,1455043535000,tech,536,nodes,35.2099990845,-80.8600006104
Charlotte,SOCIAL & GRATEFUL in CHARLOTTE !,1455448283000,socializing,190,Members,35.1899986267,-80.8300018311
Charlotte,Ballantyne _ Relax! It's Ladies Night Out,1455555351000,socializing,227,Foxy Ladies,35.0600013733,-80.8099975586
Charlotte,NoDa Run Club,1455716016000,fitness,445,Runners,35.1899986267,-80.8300018311
Charlotte,New Possibilities Book Club,1455845193000,book clubs,286,Book Lovers,35.2200012207,-80.7900009155
Charlotte,Befriend Cooking  Charlotte!,1456237603000,food/drink,924,Cooking Friends,35.1100006104,-80.8099975586
Charlotte,Inline Charlotte - Outdoor Inline Skating (rollerblading),1456417361000,fitness,175,Skaters,35.2099990845,-80.8600006104
Charlotte,Life after divorce in Charlotte,1456597321000,singles,533,Newly divorced,35.2299995422,-80.8399963379
Charlotte,QC Black Republicans,1456979595000,education/learning,25,Members,35.2900009155,-80.8799972534
Charlotte,Charlotte Django Meetup,1457362640000,tech,59,Pyoneers,35.2900009155,-80.7799987793
Charlotte,Charlotte Multifamily & Apartments Investing Network (MAIN),1457543039000,career/business,427,MAINers,35.1899986267,-80.8300018311
Charlotte,City Startup Labs,1457546297000,career/business,235,Entrepreneurs & Innovators,35.2299995422,-80.8399963379
Charlotte,Charlotte Positive Professional Women's Network,1457579955000,socializing,83,Positive Professional Ladies,35.0600013733,-80.8099975586
Charlotte,Latino Professionals Social Club,1457917709000,socializing,56,Profesionales,35.2299995422,-80.8399963379
Charlotte,Future of Data: Charlotte,1458153713000,tech,102,Members,35.1899986267,-80.8300018311
Charlotte,Microsoft Tech Talks - Charlotte,1458182708000,tech,772,Microsoft Tech Talk Members,35.1899986267,-80.8300018311
Charlotte,Childless Couples Adventures,1458257374000,outdoors/adventure,45,Childfree,35.1199989319,-80.7200012207
Charlotte,Carolina IT PRO User Group (CITPG),1458308690000,tech,385,IT Pros,35.2099990845,-80.8300018311
Charlotte,Christian CEO Huddles - Charlotte,1458489073000,career/business,70,CEO's,35.2000007629,-80.8300018311
Charlotte,Charlotte New in Town,1458577427000,outdoors/adventure,36,CLTers,35.1699981689,-80.8499984741
Charlotte,Le Meetup FranÃ§ais de Charlotte,1458605447000,language/ethnic identity,156,Members,35.2900009155,-80.8799972534
Charlotte,Workshops  Seminars  and Other Free Events,1458658632000,career/business,939,Knowledge Seekers,35.0600013733,-80.8099975586
Charlotte,Charlotte Chamber Music Meetup,1458955261000,music,40,Classical Musicians,35.1899986267,-80.8300018311
Charlotte,New Yorkers in CLT,1459195931000,socializing,29,New Yorkers,35.1899986267,-80.8300018311
Charlotte,Real Estate Millionaire Mentor,1459387765000,career/business,226,Millionaires,35.2200012207,-80.7900009155
Charlotte,Investing Education Series,1459907914000,health/wellbeing,197,Savers,35.2299995422,-80.8399963379
Charlotte,The Travel Photography Club,1459979024000,photography,328,Travel photographers,35.0600013733,-80.8099975586
Charlotte,"She Flew the Coop" - Women's Empowerment,1460131296000,socializing,641,Soarers,35.2400016785,-80.7300033569
Charlotte,Charlotte Crocheters,1460241794000,hobbies/crafts,28,Hookers,35.1199989319,-80.7600021362
